referenceName,referenceTime,productSize,productColor,content
Apple iPhone 15 Pro (A3104) 256GB 原色钛金属 支持移动联通电信5G 双卡双待手机,2023-10-23 21:19:17,256GB,原色钛金属,心心念念的苹果15PRO终于到手了，从发布守到现在，早买早体验，从安卓转用苹果系统还是需要时间切换，目前操作还不方便，慢慢就习惯了。质感很满意😊😊😊😊
Apple iPhone 15 Pro (A3104) 256GB 原色钛金属 支持移动联通电信5G 双卡双待手机,2023-09-26 12:53:13,256GB,蓝色钛金属,手机是正品手机是正品，没有出现网络上所说的掉色的现象，同时运行速度也很快，也是国内所生产的买回来到目前为止，一切正常个人觉得蓝色反而更好看，现在更新到了17.0.3系统之后，手机就没有发烫了，能抢到就不错了，确实挺香的。
Apple iPhone 15 Pro (A3104) 256GB 原色钛金属 支持移动联通电信5G 双卡双待手机,2023-09-15 21:41:54,256GB,蓝色钛金属,"外形外观：我买的是蓝色的我是喜欢！
屏幕音效：屏幕用着很舒服！上个手机是iPhonex，是好太多太多了！
拍照效果：拍照真清晰，很满意！
运行速度：运行速度真快！不是一般快！
待机时间：早上充满电，我不玩游戏一般晚上到家还能剩40左右的电，很满意！"
Apple iPhone 15 Pro (A3104) 256GB 原色钛金属 支持移动联通电信5G 双卡双待手机,2023-09-27 12:35:28,256GB,蓝色钛金属,"外形外观：之前用的小尺寸的手机，这次直接换了大屏的，用完之后完全不适应之前的小屏
运行速度：速度简直是质的飞跃。
待机时间：使用几天未出现快速调点
其他特色：轻薄、防滑、重量合适不硌手
发货很快没几天就收到了"
Apple iPhone 15 Pro (A3104) 256GB 原色钛金属 支持移动联通电信5G 双卡双待手机,2023-10-21 09:06:59,256GB,原色钛金属,上午下单不到一个小时就到了，简直神速，从X直接升级过来的，升级巨大，运行流畅，做工质感一流，软硬结合的一款手机，挺不错的，又能战几年了！！好货来京东不会失望的！！！
Apple iPhone 15 Pro (A3104) 256GB 原色钛金属 支持移动联通电信5G 双卡双待手机,2023-10-12 23:09:11,256GB,蓝色钛金属,"外形外观：看着顺眼用着顺手
屏幕音效：屏幕显示效果太棒了
拍照效果：比上一代强了不少
运行速度：一如既往的快
待机时间：感觉和上代有所增强"
Apple iPhone 15 Pro (A3104) 256GB 原色钛金属 支持移动联通电信5G 双卡双待手机,2023-10-02 21:39:48,256GB,蓝色钛金属,"外形外观：很好，比上代有提高
屏幕音效：好👌，有提高
拍照效果：很好
运行速度：快
待机时间：一天
其他特色：精致&hellip;&hellip;
很好，能抢到不容易.蓝色的居多"
Apple iPhone 15 Pro (A3104) 256GB 原色钛金属 支持移动联通电信5G 双卡双待手机,2023-10-06 08:48:19,256GB,白色钛金属,喜欢，白色是那种珍珠白，很好看。非常稀饭，屏幕触感很好，拍照清晰了，开始怕从网上买遇到镜头有灰尘，结果仔细检查没有。
Apple iPhone 15 Pro (A3104) 256GB 原色钛金属 支持移动联通电信5G 双卡双待手机,2023-10-06 09:18:02,256GB,白色钛金属,"外形外观：钛合金手机好像挺漂亮的，这小女生可真能画哇，我今天真的是傻懵了啊，我真的服了，666。
屏幕音效：这手机玩起来真的是太爽了吧。
拍照效果：我这6嗯就是那个给我妈妈手机手机壳咋这么漂亮啊？我好想买一个呀啊。"
Apple iPhone 15 Pro (A3104) 256GB 原色钛金属 支持移动联通电信5G 双卡双待手机,2023-09-15 20:00:27,256GB,黑色钛金属,"产品评价:

作为一名消费者，我对苹果手机的使用体验感到非常满意。新手机的外观设计非常吸引人，颜色搭配和线条处理都很出色，让人一眼就喜欢上了。手感方面也很好，握持感舒适，操作起来非常流畅。

苹果手机的优点在于它的系统稳定性和易用性。我发现使用苹果手机时，很少会出现卡顿或者崩溃的情况，这让我非常省心。此外，苹果手机的生态系统也很完善，与其他苹果设备的互联互通让我感到非常方便。

然而，我认为苹果手机的电池续航能力还有待提高。虽然电池容量不算小，但在使用过程中，电池消耗速度较快，需要经常充电。如果能在这方面改进，我相信会让很多用户更加满意。

总体来说，我对苹果手机的评价是8分。它的优点让我非常喜欢，但电池续航能力的不足也让我有些担忧。我建议苹果公司在这方面继续努力，相信会有更多用户喜欢上这款手机。"
Apple iPhone 15 Pro (A3104) 256GB 原色钛金属 支持移动联通电信5G 双卡双待手机,2023-10-26 00:35:15,512GB,黑色钛金属,正品
Apple iPhone 15 Pro (A3104) 256GB 原色钛金属 支持移动联通电信5G 双卡双待手机,2023-10-17 13:42:37,256GB,蓝色钛金属,现货给力。中午拍，下午就送到了。
Apple iPhone 15 Pro (A3104) 256GB 原色钛金属 支持移动联通电信5G 双卡双待手机,2023-10-19 15:31:19,128GB,白色钛金属,刚过七天价保就降价了😓
Apple iPhone 15 Pro (A3104) 256GB 原色钛金属 支持移动联通电信5G 双卡双待手机,2023-10-29 10:18:34,256GB,白色钛金属,此用户未填写评价内容
Apple iPhone 15 Pro (A3104) 256GB 原色钛金属 支持移动联通电信5G 双卡双待手机,2023-10-29 10:03:45,256GB,原色钛金属,便宜了五百块钱 挺好的 是正品
Apple iPhone 15 Pro (A3104) 256GB 原色钛金属 支持移动联通电信5G 双卡双待手机,2023-10-30 08:47:44,256GB,黑色钛金属,很好很好，速度很快。
Apple iPhone 15 Pro (A3104) 256GB 原色钛金属 支持移动联通电信5G 双卡双待手机,2023-10-30 12:05:27,256GB,白色钛金属,👍京东就是给力，物流快，东西用着放心。
Apple iPhone 15 Pro (A3104) 256GB 原色钛金属 支持移动联通电信5G 双卡双待手机,2023-10-29 11:47:40,256GB,白色钛金属,发货速度快，是正品，很喜欢
Apple iPhone 15 Pro (A3104) 256GB 原色钛金属 支持移动联通电信5G 双卡双待手机,2023-10-29 14:40:06,512GB,蓝色钛金属,太小了这也。。。还得买max才行，pro没我手掌大
Apple iPhone 15 Pro (A3104) 256GB 原色钛金属 支持移动联通电信5G 双卡双待手机,2023-10-30 18:24:51,256GB,黑色钛金属,很不错，货足，送货也很快
Apple iPhone 15 Pro (A3104) 256GB 原色钛金属 支持移动联通电信5G 双卡双待手机,2023-10-07 20:22:36,128GB,原色钛金属,"外形外观：不错，很好看
屏幕音效：音质很好，屏幕清晰
拍照效果：一直在京东购物&hellip;很不错的一次购物
运行速度：速度速度不错
待机时间：挺好，比较满意"
Apple iPhone 15 Pro (A3104) 256GB 原色钛金属 支持移动联通电信5G 双卡双待手机,2023-10-18 10:14:59,256GB,白色钛金属,"值得信赖
外形外观：好，完美
屏幕音效：非常满意
拍照效果：拍照显示好
运行速度：非常快，我觉得值得表扬，推荐给你看看，也试试这个。"
Apple iPhone 15 Pro (A3104) 256GB 原色钛金属 支持移动联通电信5G 双卡双待手机,2023-09-15 20:00:12,256GB,原色钛金属,一直在盼15pro，终于第一时间抢到，又在第一时间拿到，京东非常给力，原色真的漂亮，之前我一直都用的黑色，换了个颜色，超出预期，非常惊喜，今年会卖的非常好的颜色，边框也非常窄，非常轻，很喜欢！
Apple iPhone 15 Pro (A3104) 256GB 原色钛金属 支持移动联通电信5G 双卡双待手机,2023-10-29 00:23:53,256GB,原色钛金属,"外形外观：跟上代变化不大
屏幕音效：没什么可说的，懂得都懂
拍照效果：很好
运行速度：很流畅
待机时间：还行吧
其他特色：苹果生态还是挺方便的
从11换到这个，提升巨大"
Apple iPhone 15 Pro (A3104) 256GB 原色钛金属 支持移动联通电信5G 双卡双待手机,2023-09-16 10:00:04,256GB,原色钛金属,首发第二天抢到的，等了10多天发货了，发货后，一天就拿到手了，京东买放心，送货师傅平时便宜的货就放门口，这次特意打电话给我怕丢失，不放心，特别好！
Apple iPhone 15 Pro (A3104) 256GB 原色钛金属 支持移动联通电信5G 双卡双待手机,2023-09-16 10:00:25,512GB,蓝色钛金属,京东快递很给力，发货当天就送到了，快递保护的很好包装完整，手机检查了一下没有问题，状态查询了也是没有激活的。
Apple iPhone 15 Pro (A3104) 256GB 原色钛金属 支持移动联通电信5G 双卡双待手机,2023-09-20 10:00:06,128GB,蓝色钛金属,这次购买非常愉快，商品也很划算，服务也觉得更好了，以后还有可能继续购买的。非常满意的商品，物流也很好，下次还会继续购买的，老板也很漂亮，服务态度也非常好。非常感谢。
Apple iPhone 15 Pro (A3104) 256GB 原色钛金属 支持移动联通电信5G 双卡双待手机,2023-10-08 10:16:47,512GB,原色钛金属,目前还没有深度使用，不过原色的颜色还是不错
Apple iPhone 15 Pro (A3104) 256GB 原色钛金属 支持移动联通电信5G 双卡双待手机,2023-10-20 21:03:40,256GB,黑色钛金属,苹果老粉啦！今次终于换掉使用了好几年的XR，用上了15Pro，未买之前一直担心网上各种的问题，自己使用几天后，发现一点都不用担心，使用非常流畅，也没有发热等的问题，杠杠的！
Apple iPhone 15 Pro (A3104) 256GB 原色钛金属 支持移动联通电信5G 双卡双待手机,2023-09-27 18:53:44,256GB,原色钛金属,其实去年刚买的14 pro，奈何15pro的钛合金边框，还有原色质感太棒咯，实在没忍住就下手了，京东的货源和快递都非常稳定和优秀，手机没有任何质量问题，自己也在第一时间买了延保。与14pro相比，最大的不同之处就是手感了吧，更圆润，更轻巧，拿在手里特别的润和舒适。
Apple iPhone 15 Pro (A3104) 256GB 原色钛金属 支持移动联通电信5G 双卡双待手机,2023-09-20 10:20:46,128GB,黑色钛金属,买来不到3天打游戏好卡申请退货不给退一个月不到就降价600真的#你们千万不要买
Apple iPhone 15 Pro (A3104) 256GB 原色钛金属 支持移动联通电信5G 双卡双待手机,2023-10-24 19:24:23,256GB,白色钛金属,信号差还没三千块小米10s信号好，7天保价也是笑话
Apple iPhone 15 Pro (A3104) 256GB 原色钛金属 支持移动联通电信5G 双卡双待手机,2023-10-30 22:48:35,256GB,原色钛金属,从 12 开始就是从京东上买苹果，快递速度不用多说了。之前用的 14pm，太重了，这次果断换了 15Pro，手感好太多了。原色看起来很酷。
Apple iPhone 15 Pro (A3104) 256GB 原色钛金属 支持移动联通电信5G 双卡双待手机,2023-10-23 12:51:25,256GB,原色钛金属,"中午捡漏下午就到了
外形外观：完美
屏幕音效：非常棒
拍照效果：见图
运行速度：快
待机时间：看使用时间吧，跑电还算可以"
Apple iPhone 15 Pro (A3104) 256GB 原色钛金属 支持移动联通电信5G 双卡双待手机,2023-10-27 23:03:36,256GB,原色钛金属,买完第二天就降价了，还好京东能保价。
Apple iPhone 15 Pro (A3104) 256GB 原色钛金属 支持移动联通电信5G 双卡双待手机,2023-10-30 15:58:33,128GB,黑色钛金属,一直很相信京东，是正品
Apple iPhone 15 Pro (A3104) 256GB 原色钛金属 支持移动联通电信5G 双卡双待手机,2023-10-22 09:45:59,256GB,原色钛金属,京东值得信赖！七天保价也特别有信誉！被圈粉了！
Apple iPhone 15 Pro (A3104) 256GB 原色钛金属 支持移动联通电信5G 双卡双待手机,2023-10-29 15:12:16,256GB,原色钛金属,好👌
Apple iPhone 15 Pro (A3104) 256GB 原色钛金属 支持移动联通电信5G 双卡双待手机,2023-10-30 14:06:20,256GB,黑色钛金属,先用着，后续再看看
Apple iPhone 15 Pro (A3104) 256GB 原色钛金属 支持移动联通电信5G 双卡双待手机,2023-10-24 19:06:59,256GB,白色钛金属,此用户未填写评价内容
Apple iPhone 15 Pro (A3104) 256GB 原色钛金属 支持移动联通电信5G 双卡双待手机,2023-10-10 17:47:17,128GB,蓝色钛金属,@ 质量非常好，与卖家描述的完全一致，非常满意，真的超级超级超级宇宙无敌喜欢， 完全超出期望值，发货速度非常快，包装非常仔细、严实，运送速度很快，2天2夜就到了，  体验下算是符合预期的  服务小姐姐全程热情又很有耐心  也会问我们需求与感受  是一次蛮好的体验呢满意，以后还会回购[比心]
Apple iPhone 15 Pro (A3104) 256GB 原色钛金属 支持移动联通电信5G 双卡双待手机,2023-10-06 09:20:53,256GB,白色钛金属,终于抢到了，白钛的，一直就喜欢白色，没想到在京东抢到了。15pm顶配无敌，唯一就缺点就是太大了，对于喜欢单手或喜欢放兜里的不太友好，大家可以斟酌选购。
Apple iPhone 15 Pro (A3104) 256GB 原色钛金属 支持移动联通电信5G 双卡双待手机,2023-10-05 20:21:54,256GB,蓝色钛金属,"全新未拆开，快递当面打开签收，封条都是好的。
试了下拍照还不错，电量感觉比之前用的pm稍小，更新了最新的17.0.3系统机身不那么热了，当然开大应用还是有点热的。"
Apple iPhone 15 Pro (A3104) 256GB 原色钛金属 支持移动联通电信5G 双卡双待手机,2023-09-24 14:44:40,512GB,蓝色钛金属,非常完美，握持感很舒服，使用体验非常棒，蓝色钛金属太酷了闭眼入！没有遇到网上说的那些问题，发热确实是有一点，但是没有网上说的那么夸张，iPhone没有一代是不容易发热的，在完全可以接受的范围内。安全下车！
Apple iPhone 15 Pro (A3104) 256GB 原色钛金属 支持移动联通电信5G 双卡双待手机,2023-09-20 03:43:54,256GB,蓝色钛金属,抢了很久没抢到，熬了一天晚上居然有，毫不犹豫的下单了，苹果的品质不用讲，关键是老婆喜欢就行，我家里是我用华为老婆用苹果女孩子嘛，都喜欢用苹果手机，整体来她喜欢就行
Apple iPhone 15 Pro (A3104) 256GB 原色钛金属 支持移动联通电信5G 双卡双待手机,2023-10-22 09:12:14,512GB,原色钛金属,从11换的15  用了四五年了，一直用IOS系统  还是选择相信吧  一直在用，觉得不错  手机也是越来越贵  没有办法  希望可以再用5年  也会给其他人推荐，支持
Apple iPhone 15 Pro (A3104) 256GB 原色钛金属 支持移动联通电信5G 双卡双待手机,2023-10-09 18:25:03,256GB,白色钛金属,帮朋友下单的手机，现在家里亲朋好友的好多东西都在京东自营下单，经济又实惠，售后有保障，价格实惠，商城的东西闭眼入就行
Apple iPhone 15 Pro (A3104) 256GB 原色钛金属 支持移动联通电信5G 双卡双待手机,2023-10-02 09:14:38,256GB,原色钛金属,很好用，手机很好用，不过有点粘指纹，这个边框特别容易粘，推荐还是带手机壳使用，摄像头4800w像素，看不出来说真的。
Apple iPhone 15 Pro (A3104) 256GB 原色钛金属 支持移动联通电信5G 双卡双待手机,2023-10-04 19:52:25,256GB,白色钛金属,买回来，没用，送别人了，自己又从官网买了一个，续航比我mini的好，玩了一天也不是很烫，白色的非常好看呢，手感很好，也没网上说的那么悬乎，拍照也可以
Apple iPhone 15 Pro (A3104) 256GB 原色钛金属 支持移动联通电信5G 双卡双待手机,2023-09-23 10:00:10,256GB,黑色钛金属,"外形外观：黑色太大气了
屏幕音效：一流水平
拍照效果：拍照很惊艳
运行速度：新机都跟块
这是我用手机拍的"
Apple iPhone 15 Pro (A3104) 256GB 原色钛金属 支持移动联通电信5G 双卡双待手机,2023-10-29 07:17:19,256GB,原色钛金属,原色看起来不错，粘指纹有点，可以擦掉，使用起来丝滑细腻。
Apple iPhone 15 Pro (A3104) 256GB 原色钛金属 支持移动联通电信5G 双卡双待手机,2023-09-30 08:43:48,256GB,原色钛金属,一个月没有就掉价600。🤮
Apple iPhone 15 Pro (A3104) 256GB 原色钛金属 支持移动联通电信5G 双卡双待手机,2023-09-29 10:11:00,256GB,原色钛金属,一直沒有评价，现在一看居然降了600，瞬间心情就不好了，电池电量一般，，外观依旧很经典&hellip;&hellip;&hellip;&hellip;&hellip;&hellip;&hellip;&hellip;&hellip;&hellip;&hellip;&hellip;&hellip;&hellip;&hellip;&hellip;.
Apple iPhone 15 Pro (A3104) 256GB 原色钛金属 支持移动联通电信5G 双卡双待手机,2023-10-29 01:39:24,256GB,白色钛金属,运气不错 抢到了白色款的 拿到第一时间还录了开箱 生怕出什么差错 目前没有任何问题 发烫也仅在传数据下APP的时候 充电时正常 送的编织线还可以 家里正好也有多的PD头 如果后续有问题会追评 可以放心入
Apple iPhone 15 Pro (A3104) 256GB 原色钛金属 支持移动联通电信5G 双卡双待手机,2023-10-29 12:28:02,1TB,白色钛金属,不错不错  是正品  又有券
Apple iPhone 15 Pro (A3104) 256GB 原色钛金属 支持移动联通电信5G 双卡双待手机,2023-10-30 11:21:40,256GB,蓝色钛金属,非常不错的东西，买了好多次了
Apple iPhone 15 Pro (A3104) 256GB 原色钛金属 支持移动联通电信5G 双卡双待手机,2023-10-27 21:03:45,256GB,原色钛金属,非常棒的体验 第二天就到了 开箱的时候还录了视频没想到是多此一举 手机很完美 自己肉眼认证全新没问题 发烫是iOS17的通病 不过我只有在下东西的时候有 充电的时候没有 线是编织的还算合理
Apple iPhone 15 Pro (A3104) 256GB 原色钛金属 支持移动联通电信5G 双卡双待手机,2023-10-29 00:27:58,128GB,原色钛金属,物流很快，服务很好，正品保证，满意👍
Apple iPhone 15 Pro (A3104) 256GB 原色钛金属 支持移动联通电信5G 双卡双待手机,2023-10-29 16:52:18,256GB,原色钛金属,"超级喜欢。  很好用。
外形外观：是我喜欢的类型
拍照效果：我拍照技术不好。 反正像素不错
待机时间：一百个点能用一天
其他特色：灵动岛还没鼓捣明白就不评论了"
Apple iPhone 15 Pro (A3104) 256GB 原色钛金属 支持移动联通电信5G 双卡双待手机,2023-10-29 08:42:01,256GB,原色钛金属,**了 没开机，贴钢化膜的时候发现一个白点擦不掉
Apple iPhone 15 Pro (A3104) 256GB 原色钛金属 支持移动联通电信5G 双卡双待手机,2023-09-20 09:41:30,256GB,原色钛金属,客服非常好，一开始没发货还抱怨客服了，客服小姐姐一直态度很好的帮我催，最后当天下午就拿到了，非常感谢
Apple iPhone 15 Pro (A3104) 256GB 原色钛金属 支持移动联通电信5G 双卡双待手机,2023-09-24 19:24:57,256GB,蓝色钛金属,从11换15pro没有让我失望，我选的是蓝钛256g，蓝色其实很好看，小屏党闭眼选pro手感极佳，单身掌控，拍照摄影也是yyds，不过缺点也是有的，发热和信号是苹果的通病，整体体验还不错
Apple iPhone 15 Pro (A3104) 256GB 原色钛金属 支持移动联通电信5G 双卡双待手机,2023-09-19 10:01:21,1TB,蓝色钛金属,整体不错，机身轻盈，还是一如既往的流畅，但是信号不是很好，摄像不如华为。散热有很大进步，中度使用不热。
Apple iPhone 15 Pro (A3104) 256GB 原色钛金属 支持移动联通电信5G 双卡双待手机,2023-10-01 17:43:10,128GB,原色钛金属,每天刷库存 终于还是买到了喜欢的颜色 京东物流也是很给力 提前到了 真香 没有咖喱味 也没有网上键盘侠说的那些不好 用习惯哪个 就买哪个 跟其他无关
Apple iPhone 15 Pro (A3104) 256GB 原色钛金属 支持移动联通电信5G 双卡双待手机,2023-09-15 20:30:27,256GB,原色钛金属,"外形外观：没有14p好看 但是轻了很多 手感超好
运行速度：丝滑
待机时间：续航一般 不拍照看视频玩游戏这些还好 一玩疯狂掉电"
Apple iPhone 15 Pro (A3104) 256GB 原色钛金属 支持移动联通电信5G 双卡双待手机,2023-09-22 09:33:26,128GB,蓝色钛金属,除了续航拉垮，钛合金边框手一碰就包浆以外一切都很好，性能没得说，原神里画质能拉多高拉多高，画面真心强的雅痞，久玩配了个黑鲨的磁吸散热到也不掉帧卡顿，至于信号，目前还没遇到过特别差的时候
Apple iPhone 15 Pro (A3104) 256GB 原色钛金属 支持移动联通电信5G 双卡双待手机,2023-09-30 21:54:14,256GB,原色钛金属,从xs换过来的，之前一直想换个华为 但被zz般的遥遥领先劝退了，正好15pro有货就入了 3**+ios的体验还是很不错~
Apple iPhone 15 Pro (A3104) 256GB 原色钛金属 支持移动联通电信5G 双卡双待手机,2023-10-18 06:45:41,128GB,原色钛金属,"外形外观：很好看。比较喜欢的一款
屏幕音效：很好
拍照效果：很清晰。
运行速度：很快
待机时间：不玩游戏，接打电话，看资讯还是很不错的
其他特色：性能很好。性价比非常高"
Apple iPhone 15 Pro (A3104) 256GB 原色钛金属 支持移动联通电信5G 双卡双待手机,2023-09-15 20:34:02,256GB,原色钛金属,"外形外观：外形外观：果子 外观设计一向很出众，一套经典的外观可以沿用好几年。。
屏幕音效：显示效果不错，主要是有高刷了。用起很舒服。
拍照效果：听说这次升级最大都是就是拍照，主观上感觉不到啥，但还是一如既往的流畅。不卡顿。
运行速度：这就毋庸置疑了。很快，快到溢出。"
Apple iPhone 15 Pro (A3104) 256GB 原色钛金属 支持移动联通电信5G 双卡双待手机,2023-09-27 00:13:04,256GB,黑色钛金属,亲测下来，还是比原来的14pro要热一点
Apple iPhone 15 Pro (A3104) 256GB 原色钛金属 支持移动联通电信5G 双卡双待手机,2023-10-26 09:50:31,256GB,原色钛金属,刚买还不到一个星期，竟然降价600多元多，感觉被割了腰子呀！已经不是之前的苹果了，需要自己设置太多，太耗费精力了。
Apple iPhone 15 Pro (A3104) 256GB 原色钛金属 支持移动联通电信5G 双卡双待手机,2023-10-30 22:55:40,256GB,黑色钛金属,第一次买到外壳这么脏的手机，这么贵的手机，这么脏的外壳，让人很难不去联想到里边的手机怎么怎么样？客服解释说：运输过程中造成的？想问一下运输过程中外边的牛皮纸箱子会破损，跟里边的手机盒子有什么关系？而且手机盒子外边还有一个减震塑料袋，怎么会是运输过程中造成的？怎么会这么脏？这么贵的手机，发货的时候不能检查一下吗？客服很敷衍，服务态度很不好。到最后也没能给解决问题。你们看下，你们相信是新的吗？
Apple iPhone 15 Pro (A3104) 256GB 原色钛金属 支持移动联通电信5G 双卡双待手机,2023-10-29 10:17:12,256GB,原色钛金属,外观漂亮，系统流畅。
Apple iPhone 15 Pro (A3104) 256GB 原色钛金属 支持移动联通电信5G 双卡双待手机,2023-10-30 19:37:44,256GB,原色钛金属,打开快递，跟在垃圾桶捡出来一样，盒子全是灰，大家自己看～品控现在越来越差了
Apple iPhone 15 Pro (A3104) 256GB 原色钛金属 支持移动联通电信5G 双卡双待手机,2023-10-25 17:33:15,128GB,蓝色钛金属,还行，目前没出现问题，希望后续也不会出现问题，每次买都是在京东自营店，还是很支持的
Apple iPhone 15 Pro (A3104) 256GB 原色钛金属 支持移动联通电信5G 双卡双待手机,2023-10-29 09:02:06,256GB,白色钛金属,速度快，隔天就到手了，正品
Apple iPhone 15 Pro (A3104) 256GB 原色钛金属 支持移动联通电信5G 双卡双待手机,2023-10-29 07:04:06,256GB,原色钛金属,还可以吧 白色比灰色贵了100块 整体还是流畅的
Apple iPhone 15 Pro (A3104) 256GB 原色钛金属 支持移动联通电信5G 双卡双待手机,2023-10-30 16:55:20,128GB,蓝色钛金属,购买的商品物廉价美下次再来
Apple iPhone 15 Pro (A3104) 256GB 原色钛金属 支持移动联通电信5G 双卡双待手机,2023-10-29 22:14:35,128GB,蓝色钛金属,很优惠，产品无误，此次购物体验很满意！配送也是非常超级快速！而且商品完美送达真棒！
Apple iPhone 15 Pro (A3104) 256GB 原色钛金属 支持移动联通电信5G 双卡双待手机,2023-10-24 19:44:52,256GB,白色钛金属,都很好，除了信号差了点，重新补卡，其他都不错
Apple iPhone 15 Pro (A3104) 256GB 原色钛金属 支持移动联通电信5G 双卡双待手机,2023-10-08 15:10:10,256GB,蓝色钛金属,手机包装很好无破损，物流也快，手机外观漂亮，款式好看，质量很好，正品，做工精致，屏幕细腻够大很清晰，色彩饱和度很不错，照相不错，很漂亮，音质也很棒，系统功能强大，运行速度很快，看电影听音乐都很给力， 非常享受，操作简单，内存也足够，性价比蛮高的，而且价格还实惠便宜，很划算，支持，超喜欢。
Apple iPhone 15 Pro (A3104) 256GB 原色钛金属 支持移动联通电信5G 双卡双待手机,2023-09-27 13:49:02,256GB,蓝色钛金属,"颜色很大气
外形外观：大气上档次
屏幕音效：非常好
拍照效果：非常清晰
运行速度：很好用，一点都不卡
待机时间：充满用一天没问题，早上八点多用到晚上十点
其他特色：一般"
Apple iPhone 15 Pro (A3104) 256GB 原色钛金属 支持移动联通电信5G 双卡双待手机,2023-10-03 21:52:56,512GB,黑色钛金属,轻巧 手感好 半个小时不到就把旧手机上的东西全部转移到新手机了 我运气好 昨晚上无意中看京东上有货 立即下手 转眼就卖光了 今天上午就拿到新手机了 太梦幻了
Apple iPhone 15 Pro (A3104) 256GB 原色钛金属 支持移动联通电信5G 双卡双待手机,2023-10-24 17:01:16,128GB,原色钛金属,"外形外观：外形特征就是硬朗帅气十足的感觉！
屏幕音效：屏幕分辨率很高，屏幕触摸感非常舒服！
拍照效果：拍照效果非常喜欢，还原度很高的照片都是！
运行速度：反应速度很快，打游戏无压力"
Apple iPhone 15 Pro (A3104) 256GB 原色钛金属 支持移动联通电信5G 双卡双待手机,2023-09-22 09:36:35,128GB,黑色钛金属,手感是真不错啊 减少了重量  边框也做了曲度  手感大大的提升了  不错不错  舒服哟   拍照也进一步的提升  颜色沉稳大气 typec 升级 很好用
Apple iPhone 15 Pro (A3104) 256GB 原色钛金属 支持移动联通电信5G 双卡双待手机,2023-10-03 18:01:15,256GB,黑色钛金属,真的超级喜欢，质量非常好，与卖家描述的一致！东西很满意哦，美观时尚大气，客服超级有耐心，服务细致贴心，大品牌就是不一样趁着优惠，赶紧入手，是正品，包装也非常的好，没有破损，质量也是没得说，棒👍
Apple iPhone 15 Pro (A3104) 256GB 原色钛金属 支持移动联通电信5G 双卡双待手机,2023-10-25 16:26:18,128GB,原色钛金属,"外形外观：外观设计非常时尚大方优雅！
屏幕音效：屏幕分辨率很高，反应速度很快！
拍照效果：拍照效果很棒色彩鲜明对比安卓还原度很高！
运行速度：系统反应很快非常喜欢，一直用苹果"
Apple iPhone 15 Pro (A3104) 256GB 原色钛金属 支持移动联通电信5G 双卡双待手机,2023-09-26 20:02:01,256GB,原色钛金属,期待了好久的手机，终于到了。握持手感的简直是一级棒。运算速度更是棒棒棒太爽。拍照摄像简直就更是无敌的存在啦，可以拍好多好多美丽的照片啦，太爽了，太爽了，太爽了。
Apple iPhone 15 Pro (A3104) 256GB 原色钛金属 支持移动联通电信5G 双卡双待手机,2023-10-18 14:39:25,512GB,原色钛金属,在官方网站没抢到，看见京东自营店有预订抢到了，快递很快过二天到了，原色太金属是我想要的款式，比较喜欢，使用几天后没啥问题，在京东自营店买放心的
Apple iPhone 15 Pro (A3104) 256GB 原色钛金属 支持移动联通电信5G 双卡双待手机,2023-10-24 17:18:43,256GB,白色钛金属,用了半天   总体续航还不错。玩了四个多小时，用了50的电，总体感觉白色的确实很好看，钛金属手感也非常好，充电速度也不慢，用的原装充电头半个小时充了45的电，关键使用起来很丝滑，音质也很棒。
Apple iPhone 15 Pro (A3104) 256GB 原色钛金属 支持移动联通电信5G 双卡双待手机,2023-10-27 22:24:32,256GB,原色钛金属,拍照非常清楚，外观好看，手感很好
Apple iPhone 15 Pro (A3104) 256GB 原色钛金属 支持移动联通电信5G 双卡双待手机,2023-10-29 01:49:07,256GB,原色钛金属,有一点发热过高，其他的感觉还可以，继续观察
Apple iPhone 15 Pro (A3104) 256GB 原色钛金属 支持移动联通电信5G 双卡双待手机,2023-10-23 22:47:43,256GB,原色钛金属,产品微瑕疵，解决问题，但不是很理想，送货上门回收旧机，拆包装不帮忙检查，显着不够专业，作为京东铁粉，着实失望
Apple iPhone 15 Pro (A3104) 256GB 原色钛金属 支持移动联通电信5G 双卡双待手机,2023-10-29 21:03:34,512GB,白色钛金属,购物选择京东物流值得信赖，送货上门，方便大家，我一直选择京东。
Apple iPhone 15 Pro (A3104) 256GB 原色钛金属 支持移动联通电信5G 双卡双待手机,2023-10-29 22:47:32,128GB,蓝色钛金属,好好好。  。。。。速度快
Apple iPhone 15 Pro (A3104) 256GB 原色钛金属 支持移动联通电信5G 双卡双待手机,2023-10-30 14:26:43,512GB,黑色钛金属,挺好用的，苹果还是一如既往
Apple iPhone 15 Pro (A3104) 256GB 原色钛金属 支持移动联通电信5G 双卡双待手机,2023-10-30 15:27:08,256GB,蓝色钛金属,差评差评，用了一会儿就发烫啊，这怎么搞。
Apple iPhone 15 Pro (A3104) 256GB 原色钛金属 支持移动联通电信5G 双卡双待手机,2023-10-29 00:44:48,256GB,原色钛金属,原封包装。发货速度块 这是复购 机子好用
Apple iPhone 15 Pro (A3104) 256GB 原色钛金属 支持移动联通电信5G 双卡双待手机,2023-10-29 09:25:56,256GB,白色钛金属,不错，非常不错，包装原封，是正品，物流也很给力。
Apple iPhone 15 Pro (A3104) 256GB 原色钛金属 支持移动联通电信5G 双卡双待手机,2023-10-29 09:30:45,256GB,原色钛金属,除了续航不太行，其他的都很不错，钛原色实物比图片好看
Apple iPhone 15 Pro (A3104) 256GB 原色钛金属 支持移动联通电信5G 双卡双待手机,2023-10-17 21:07:39,256GB,原色钛金属,家里亲戚中意了很久，帮她下单抢了一部！苹果品牌一直以来都是消费者心中的口碑之选，苹果的设计非常精致，每一个细节都体现出品牌的高端感，使用苹果的产品，我感觉非常流畅，不会出现卡顿或者崩溃的憤况。屏幕非常出色，色彩鲜艳、清晰度高
Apple iPhone 15 Pro (A3104) 256GB 原色钛金属 支持移动联通电信5G 双卡双待手机,2023-10-09 16:33:43,512GB,原色钛金属,机身没有瑕疵，拍照效果个人很满意，手感很轻，信号一如既往，续航凑合，正常使用充电 追剧 回信息没感觉到热，拍视频会有点热，总体很不错。
Apple iPhone 15 Pro (A3104) 256GB 原色钛金属 支持移动联通电信5G 双卡双待手机,2023-10-07 20:18:36,128GB,原色钛金属,"外形外观：苹果一直的外观
屏幕音效：都不错，苹果品质没问题
拍照效果：很清晰很好。
运行速度：流畅快。
待机时间：新机待机没问题。
其他特色：就是不能电话录音。"
Apple iPhone 15 Pro (A3104) 256GB 原色钛金属 支持移动联通电信5G 双卡双待手机,2023-10-26 13:34:57,256GB,原色钛金属,"货已收到速度非常不错这也是一直选择京东的原因
外形外观：原色钛金属看起来感觉还可以吧
屏幕音效：声音小是苹果出了名的
拍照效果：苹果的拍照还是OK的
运行速度：A17的流畅度是毋庸置疑的
待机时间：短
其他特色：不值，品牌溢价太高"
Apple iPhone 15 Pro (A3104) 256GB 原色钛金属 支持移动联通电信5G 双卡双待手机,2023-10-04 20:06:48,256GB,原色钛金属,早前听说iPhone15pro系列会采用钛金属边框的时候就特别想要了 因为之前买的apple watch6就是钛金属外壳的感觉很有质感 也抗造。买的256g原色款 很喜欢 看到京东有货就立马入手了。物流超级快。原色本身是比较中性的调调 背板触感很舒服 边角也圆润了很多 用了一两周了 感觉很不错 电量也够用
Apple iPhone 15 Pro (A3104) 256GB 原色钛金属 支持移动联通电信5G 双卡双待手机,2023-09-24 14:29:06,256GB,黑色钛金属,"外形外观：挺好看的，手感不错。
屏幕音效：屏幕很好，声音效果不错。
拍照效果：拍照可以，拍视频很好。
运行速度：挺快的，不卡。
待机时间：还可以。
大品牌，质量挺好的，京东发货和送货速度很快的，价格还可以，值得购买。"
Apple iPhone 15 Pro (A3104) 256GB 原色钛金属 支持移动联通电信5G 双卡双待手机,2023-10-08 14:06:25,256GB,原色钛金属,"外形外观：很好看、很有质感，钛金属边框更轻更有档次了
屏幕音效：很好啊
拍照效果：一如既往的点赞、像素不高，成像效果很棒
运行速度：很丝滑
其他特色：包装阻尼感有待提高"
Apple iPhone 15 Pro (A3104) 256GB 原色钛金属 支持移动联通电信5G 双卡双待手机,2023-10-07 19:18:16,256GB,蓝色钛金属,特别不错，第一次在京东上买手机，官方自营很靠谱，手机续航能力、节省电池都还是不错的。特意使用快一个月才来评价。
Apple iPhone 15 Pro (A3104) 256GB 原色钛金属 支持移动联通电信5G 双卡双待手机,2023-09-29 15:52:20,256GB,蓝色钛金属,手感确实好很多了，蓝色是指纹收集器，运行速度很快很流畅。更新系统后发热情况还可以。拍照提升很大。待机很强！
Apple iPhone 15 Pro (A3104) 256GB 原色钛金属 支持移动联通电信5G 双卡双待手机,2023-09-19 10:02:53,256GB,蓝色钛金属,发货速度非常快，服务非常好
Apple iPhone 15 Pro (A3104) 256GB 原色钛金属 支持移动联通电信5G 双卡双待手机,2023-10-16 21:43:32,512GB,原色钛金属,差评写完就卸载京东。并详细告诉我所认识的每一位朋友，京东是最不可靠的。而且客服永远是机器人一样，我会好好替你们宣传你们的差劲。
Apple iPhone 15 Pro (A3104) 256GB 原色钛金属 支持移动联通电信5G 双卡双待手机,2023-10-30 11:19:16,128GB,蓝色钛金属,手里一如既往的漂亮，很好用，特别喜欢。
Apple iPhone 15 Pro (A3104) 256GB 原色钛金属 支持移动联通电信5G 双卡双待手机,2023-10-30 23:13:52,256GB,原色钛金属,配送很快，目前没激活，外观完美，包装规范，京东还是值得信赖
Apple iPhone 15 Pro (A3104) 256GB 原色钛金属 支持移动联通电信5G 双卡双待手机,2023-10-28 04:57:58,128GB,原色钛金属,此用户未填写评价内容
Apple iPhone 15 Pro (A3104) 256GB 原色钛金属 支持移动联通电信5G 双卡双待手机,2023-10-13 23:12:23,256GB,原色钛金属,保价就是个假的 骗局 价保期间各种转移话题拖延 价保期过后又说不在价保期间无法价保 到手就亏1000 韭菜割的是明明白白 谨慎选择 客服拖延不处理事情 不要寄希望于客服身上
Apple iPhone 15 Pro (A3104) 256GB 原色钛金属 支持移动联通电信5G 双卡双待手机,2023-09-24 10:00:04,128GB,白色钛金属,做工有失苹果水准，后框与玻璃处割手
Apple iPhone 15 Pro (A3104) 256GB 原色钛金属 支持移动联通电信5G 双卡双待手机,2023-10-22 11:41:04,256GB,原色钛金属,说好报价7天，结果不报价了，电池电量太不耐用了。客服服务差，回消息慢
Apple iPhone 15 Pro (A3104) 256GB 原色钛金属 支持移动联通电信5G 双卡双待手机,2023-10-28 10:27:57,256GB,原色钛金属,28日买的，29就降了600，也没时候也没提示。
Apple iPhone 15 Pro (A3104) 256GB 原色钛金属 支持移动联通电信5G 双卡双待手机,2023-10-29 15:58:44,256GB,原色钛金属,很不错，五百优惠活动，早买早享受
Apple iPhone 15 Pro (A3104) 256GB 原色钛金属 支持移动联通电信5G 双卡双待手机,2023-10-29 17:59:38,128GB,黑色钛金属,太垃圾了 我第一天买完 第二天就降了一百 申请价格保护还不好使 收到手机的时候 有个角还有瑕疵 真失望了
Apple iPhone 15 Pro (A3104) 256GB 原色钛金属 支持移动联通电信5G 双卡双待手机,2023-10-01 20:15:16,1TB,原色钛金属,"手机很轻 终于换了c口了 和之前买的表也很搭 钛行了😀
外形外观：原色的很nice，可以不带套也不硌手
运行速度：一上手还是没有太多感受"
Apple iPhone 15 Pro (A3104) 256GB 原色钛金属 支持移动联通电信5G 双卡双待手机,2023-10-01 23:23:44,256GB,原色钛金属,都挺好的，拿到手比视频和照片里面好看的多，原色很棒。日常使用没有发热，系统应该更新过了修复了发布会之后的bug所以用着没有问题。相机又大了不少，册那。
Apple iPhone 15 Pro (A3104) 256GB 原色钛金属 支持移动联通电信5G 双卡双待手机,2023-10-17 11:52:06,128GB,蓝色钛金属,相比13pro确实轻巧了不少，续航感觉一般，性能还是很不错的，灵动岛很灵动！在京东买了很多次了，值得关注！
Apple iPhone 15 Pro (A3104) 256GB 原色钛金属 支持移动联通电信5G 双卡双待手机,2023-10-23 22:08:07,512GB,白色钛金属,"外形外观：白色真的太好看啦
拍照效果：不愧是苹果，效果真的好
待机时间：新机满电情况下确实能用一整天
物流也很给力"
Apple iPhone 15 Pro (A3104) 256GB 原色钛金属 支持移动联通电信5G 双卡双待手机,2023-10-10 10:18:04,256GB,蓝色钛金属,延续灵动岛设计的特点给人一种高端大气的感觉，机身采用了钛金属材质，提升了整体质感，还增加了耐用性，画质表现不错，拍摄体验感很强。
Apple iPhone 15 Pro (A3104) 256GB 原色钛金属 支持移动联通电信5G 双卡双待手机,2023-10-08 12:42:47,256GB,白色钛金属,送货速度超级快，还没反应过来，已经送到了，手感是不错的，传输速度挺满意，没发现什么大毛病，还是很不错的
Apple iPhone 15 Pro (A3104) 256GB 原色钛金属 支持移动联通电信5G 双卡双待手机,2023-10-01 21:48:06,128GB,原色钛金属,"物美价廉！
外形外观：外观大气时尚！
屏幕音效：高刷屏幕显示效果细腻
运行速度：运行速度流畅！
待机时间：待机时间显著提高！"
Apple iPhone 15 Pro (A3104) 256GB 原色钛金属 支持移动联通电信5G 双卡双待手机,2023-09-27 22:15:11,256GB,原色钛金属,"这手感太舒服了，比13pro轻好多，拿着一下就舒服了
看网上的发热情况，我也没遇到，太爽了。充电也是type c口方便多了"
Apple iPhone 15 Pro (A3104) 256GB 原色钛金属 支持移动联通电信5G 双卡双待手机,2023-10-07 21:59:24,128GB,原色钛金属,非常好用，，，苹果预约后，第二天就抢到了，晚上就发货第二天就收到了，这速度太快了吧。比原来12Promax 轻了好多，拿在手里正好，运行速度很快。颜色比较喜欢。
Apple iPhone 15 Pro (A3104) 256GB 原色钛金属 支持移动联通电信5G 双卡双待手机,2023-10-11 10:07:50,512GB,原色钛金属,吹爆原色，低调奢华，极其有档次，爱不释手，手感很好，对象很喜欢，本来一开始准备买白色，结果没有货买了原色，出乎意料好看
Apple iPhone 15 Pro (A3104) 256GB 原色钛金属 支持移动联通电信5G 双卡双待手机,2023-10-12 09:48:53,256GB,原色钛金属,真好，半个月掉价500
Apple iPhone 15 Pro (A3104) 256GB 原色钛金属 支持移动联通电信5G 双卡双待手机,2023-10-24 11:18:12,128GB,黑色钛金属,好评
Apple iPhone 15 Pro (A3104) 256GB 原色钛金属 支持移动联通电信5G 双卡双待手机,2023-10-29 00:29:41,256GB,原色钛金属,丝滑流畅，支持卖家，但是掉价了，不过早买早体验
Apple iPhone 15 Pro (A3104) 256GB 原色钛金属 支持移动联通电信5G 双卡双待手机,2023-09-22 08:00:11,128GB,原色钛金属,"外形外观：四边等宽太细腻了 看起来很高端
屏幕音效：pro系列的配置真的香爆了
拍照效果：三个镜头拍照 属实奢侈的一匹
运行速度：8g运存飞快
待机时间：续航说实话一般 电池太小了"
Apple iPhone 15 Pro (A3104) 256GB 原色钛金属 支持移动联通电信5G 双卡双待手机,2023-10-29 01:17:13,256GB,原色钛金属,凌晨下单，下午拿到，价格也很合适 真的爱了
Apple iPhone 15 Pro (A3104) 256GB 原色钛金属 支持移动联通电信5G 双卡双待手机,2023-10-23 20:30:59,128GB,白色钛金属,没有别人说的发热的情况，验了是新机，到货两天就降价了，还好在7天保价里，退了差价
Apple iPhone 15 Pro (A3104) 256GB 原色钛金属 支持移动联通电信5G 双卡双待手机,2023-10-29 11:00:55,256GB,白色钛金属,送给老婆的15Pro，包装非常完整，箱子盒子无破损，发货神速，物流很快隔日就送到，因为不在家，还不辞辛苦改时间上门，京东yyds
Apple iPhone 15 Pro (A3104) 256GB 原色钛金属 支持移动联通电信5G 双卡双待手机,2023-10-29 19:44:15,256GB,原色钛金属,帅啊
Apple iPhone 15 Pro (A3104) 256GB 原色钛金属 支持移动联通电信5G 双卡双待手机,2023-09-24 14:03:52,256GB,原色钛金属,降价600
Apple iPhone 15 Pro (A3104) 256GB 原色钛金属 支持移动联通电信5G 双卡双待手机,2023-10-30 11:54:04,256GB,原色钛金属,收到货了，是正品   很nice
Apple iPhone 15 Pro (A3104) 256GB 原色钛金属 支持移动联通电信5G 双卡双待手机,2023-09-16 10:00:18,256GB,蓝色钛金属,"手机用着真不错，第一次用苹果，很满意
外形外观：非常好
屏幕音效：苹果的扬声器懂得都懂
拍照效果：苹果的拍照懂得都懂
运行速度：快"
Apple iPhone 15 Pro (A3104) 256GB 原色钛金属 支持移动联通电信5G 双卡双待手机,2023-10-09 16:05:05,256GB,原色钛金属,快递非常快，第二天就到了。钛合金原色有点类似灰白色，很难拍出日光下没色差的样子，总之看起来比想象中好看。重量很轻，比我老手机iPhone12只重一丢丢。整体好评。
Apple iPhone 15 Pro (A3104) 256GB 原色钛金属 支持移动联通电信5G 双卡双待手机,2023-09-25 23:30:25,256GB,原色钛金属,手机刚拿到手的时候，感觉特别有分量，拆开包装之后发现屏幕完好，边框完好，镜头内部也没有像网上说的有灰尘。
Apple iPhone 15 Pro (A3104) 256GB 原色钛金属 支持移动联通电信5G 双卡双待手机,2023-09-26 20:25:26,256GB,原色钛金属,一直是iPhone的忠实用户，喜欢ios系统的纯净，之前那台xs已经服役多年，还是无比流畅，这次选择15pro，到手后使用体验非常棒，手感非常好
Apple iPhone 15 Pro (A3104) 256GB 原色钛金属 支持移动联通电信5G 双卡双待手机,2023-10-05 22:05:29,256GB,黑色钛金属,非常好看 黑色的显得特别高贵 手感也非常好 舒服 这次是以旧换新买的 回收有点费时间 导数据费点时间 其他非常好 相信京东
Apple iPhone 15 Pro (A3104) 256GB 原色钛金属 支持移动联通电信5G 双卡双待手机,2023-09-22 08:00:13,1TB,黑色钛金属,外形很漂亮，这一代换成了钛合金材质和新的typec接口，拍照进一步提高了，运行速度快，边框加了弧度设计，不再割手，总体来说很值得购买！早上抢购到的，晚上就送到了，体验很好！
Apple iPhone 15 Pro (A3104) 256GB 原色钛金属 支持移动联通电信5G 双卡双待手机,2023-10-12 07:16:15,256GB,原色钛金属,金属色真的是决决子了，特别的好看，手感也是非常的好，i17的芯片就不用说了，肯定是非常强大的，总之很舒服用着。
Apple iPhone 15 Pro (A3104) 256GB 原色钛金属 支持移动联通电信5G 双卡双待手机,2023-09-29 10:00:08,256GB,原色钛金属,物流速度真的是没话说，就是一个字：快。商品从外包装来看非常高档，真是一分钱一分货，贵有贵的道理！颜色很漂亮，质感也很好，手机使用上操作很方便，也很顺手，值得购买
Apple iPhone 15 Pro (A3104) 256GB 原色钛金属 支持移动联通电信5G 双卡双待手机,2023-09-25 23:02:53,256GB,原色钛金属,卖家服务超级好，发货很快，第二天就到手了，小哥直接配送到家门口，拆开检查无任何问题，已经使用了一段时间了，还不错，这一代确实轻了不少，原色也比较耐看，赞👍
Apple iPhone 15 Pro (A3104) 256GB 原色钛金属 支持移动联通电信5G 双卡双待手机,2023-10-13 19:53:39,256GB,蓝色钛金属,媳妇过生日买了一个当生日礼物，机身采用钛金属材质不仅提升了整体质感，还增加了耐用性，画质表现不错，是正品，配送非常快，京东值得信赖！
Apple iPhone 15 Pro (A3104) 256GB 原色钛金属 支持移动联通电信5G 双卡双待手机,2023-10-17 11:59:25,256GB,白色钛金属,体验一下不错
Apple iPhone 15 Pro (A3104) 256GB 原色钛金属 支持移动联通电信5G 双卡双待手机,2023-10-29 06:41:02,256GB,原色钛金属,价格优惠活动多多，感谢京东
Apple iPhone 15 Pro (A3104) 256GB 原色钛金属 支持移动联通电信5G 双卡双待手机,2023-10-29 19:51:10,256GB,原色钛金属,15pro手感太好了，给孩子买了一台，买的白色，手机轻巧，续航也不错，反应也快，目前没有发现别人说的那些问题，没有咖喱味道，很庆幸运气好，习惯了苹果的系统，这么多年了，还是买的苹果。
Apple iPhone 15 Pro (A3104) 256GB 原色钛金属 支持移动联通电信5G 双卡双待手机,2023-10-24 14:07:00,256GB,黑色钛金属,手机完全没有问题 关键是客服也非常友好 上周买的这周就降价了 保价完全没有问题 昨天申请的今天就到账了 爱死了😍
Apple iPhone 15 Pro (A3104) 256GB 原色钛金属 支持移动联通电信5G 双卡双待手机,2023-10-17 16:50:43,128GB,白色钛金属,太惨了，刚过价保一天就降价500
Apple iPhone 15 Pro (A3104) 256GB 原色钛金属 支持移动联通电信5G 双卡双待手机,2023-09-15 20:37:26,256GB,原色钛金属,很好 很满意 挺好用的
Apple iPhone 15 Pro (A3104) 256GB 原色钛金属 支持移动联通电信5G 双卡双待手机,2023-10-29 00:25:27,256GB,原色钛金属,手机收到了查验完毕正品行货👍
Apple iPhone 15 Pro (A3104) 256GB 原色钛金属 支持移动联通电信5G 双卡双待手机,2023-10-13 16:31:18,256GB,原色钛金属,看网上各种出问题的，我这边一点事也没，只是这价格突然掉600有点不舒服😭
Apple iPhone 15 Pro (A3104) 256GB 原色钛金属 支持移动联通电信5G 双卡双待手机,2023-10-29 00:16:01,256GB,原色钛金属,双11活动太给力了，朋友都找我帮忙买手机，比实体店便宜
Apple iPhone 15 Pro (A3104) 256GB 原色钛金属 支持移动联通电信5G 双卡双待手机,2023-10-29 02:02:26,256GB,原色钛金属,棒
Apple iPhone 15 Pro (A3104) 256GB 原色钛金属 支持移动联通电信5G 双卡双待手机,2023-10-07 20:22:15,128GB,原色钛金属,苹果手机外观漂亮，外形尺寸小巧，屏幕显示效果很好，音效也很不错，拍照清晰细腻，运行速度就不多说了，苹果运行内存一直是强项，待机时间也很长
Apple iPhone 15 Pro (A3104) 256GB 原色钛金属 支持移动联通电信5G 双卡双待手机,2023-10-14 19:50:42,256GB,原色钛金属,续航非常好 正常使用的情况下基本一小时消耗百分之10的电 镜头升级确实很大 4k60fps视频非常震撼 原色也是很好看的
Apple iPhone 15 Pro (A3104) 256GB 原色钛金属 支持移动联通电信5G 双卡双待手机,2023-10-22 20:41:57,128GB,白色钛金属,哇！苹果15pro真的太棒了！👏 它的设计简洁大气，屏幕清晰细腻，色彩鲜艳饱和，运行速度飞快！真的是一分钱一分货！💰💯
Apple iPhone 15 Pro (A3104) 256GB 原色钛金属 支持移动联通电信5G 双卡双待手机,2023-10-22 08:24:13,256GB,白色钛金属,京东自营超级放心，开机验机传数据一气呵成，没有任何问题，白色的15pro很满意，用习惯了苹果的系统，不评论其他，省心省力就可以。
Apple iPhone 15 Pro (A3104) 256GB 原色钛金属 支持移动联通电信5G 双卡双待手机,2023-10-08 16:05:23,1TB,黑色钛金属,"外形外观：干净利落，新颜色很漂亮，灯光下很有质感。 屏幕音效：屏幕YYDS，手机声音听个响就行。听音乐看电影还是耳机舒服。 拍照效果：不是很喜欢拍照，效果够用就行。 运行速度：A17芯片，地表最强芯片。 待机时间：刚到货，待定。 其他特色：6.1英寸，单手握持刚刚好，手大的朋友建议上pro max,大屏的体验还是更好一些。128内存，对于不打游戏，不爱拍照来说够用啦。"
Apple iPhone 15 Pro (A3104) 256GB 原色钛金属 支持移动联通电信5G 双卡双待手机,2023-09-25 20:08:56,256GB,蓝色钛金属,"质量没得说，跟专卖店一样，特别特别喜欢，而且价格优惠
急了，我彻底急了。当我看到其他人的好评，我感同身受，就好像那些事情真的发生了一样，此时此刻我真的破防了，我怎么可以不给好评！！"
Apple iPhone 15 Pro (A3104) 256GB 原色钛金属 支持移动联通电信5G 双卡双待手机,2023-09-26 20:15:58,256GB,原色钛金属,购买了带充电器的套装，原装充电器还是放心一些，这次手机的握持感很舒适，新的处理器速度很快，电池待机目前还不错，京东送货速度很快。
Apple iPhone 15 Pro (A3104) 256GB 原色钛金属 支持移动联通电信5G 双卡双待手机,2023-09-30 00:10:32,256GB,原色钛金属,手机质量不错，用起来很好，现在拍照的视频也不错啊，网络信号比以前好很多充电速度很快患了最新的充电插口
Apple iPhone 15 Pro (A3104) 256GB 原色钛金属 支持移动联通电信5G 双卡双待手机,2023-09-15 20:00:57,128GB,黑色钛金属,质量好，物超所值，真的是物有所值，价格实惠，质量真的不错，与卖家描述的完全一致，收到的时候包装完整，包裹的严严实实没有任何破损，品质依旧，客服服务态度很好，详细的解答了我的问题，卖家很好，对这次购物非常满意，如有需要会回购！！
Apple iPhone 15 Pro (A3104) 256GB 原色钛金属 支持移动联通电信5G 双卡双待手机,2023-09-16 10:00:07,256GB,原色钛金属,同时在京东和官网下单，想着哪个快就留哪个，没想到居然是京东比较快！质量很好，钛原色很好看，图一是黄色灯光下，图二是戴壳后
Apple iPhone 15 Pro (A3104) 256GB 原色钛金属 支持移动联通电信5G 双卡双待手机,2023-10-25 17:53:20,512GB,原色钛金属,今年这个原色钛金属质感太超预期了，日常都是高级灰的感觉，暖色下淡淡金，超级耐看。。。
Apple iPhone 15 Pro (A3104) 256GB 原色钛金属 支持移动联通电信5G 双卡双待手机,2023-10-15 19:42:59,256GB,原色钛金属,七天价保刚过，降价600多块，厉害了，大跳水
Apple iPhone 15 Pro (A3104) 256GB 原色钛金属 支持移动联通电信5G 双卡双待手机,2023-10-29 11:13:49,256GB,白色钛金属,挺好的啊 没有问题
Apple iPhone 15 Pro (A3104) 256GB 原色钛金属 支持移动联通电信5G 双卡双待手机,2023-10-29 09:09:02,256GB,白色钛金属,店大欺客，我27号买的15Pro，30号有4千减5百活动。因为无货，下不了比价单，不给退差价
Apple iPhone 15 Pro (A3104) 256GB 原色钛金属 支持移动联通电信5G 双卡双待手机,2023-10-29 08:20:56,256GB,白色钛金属,还可以，操作系统需要慢慢熟悉
Apple iPhone 15 Pro (A3104) 256GB 原色钛金属 支持移动联通电信5G 双卡双待手机,2023-10-29 11:00:38,256GB,原色钛金属,好开心呀，第一次在东东买电子产品，拍了360度开箱视频，边框都没有磕碰屏幕也很好，就是摄像头有一个小灰点，懒得换来换去了，比官网便宜了600香香的！！！ 查了序列号，发现是预激活，东东旗舰店真的是官网拿货诶！！！四舍五入也是官网货了
Apple iPhone 15 Pro (A3104) 256GB 原色钛金属 支持移动联通电信5G 双卡双待手机,2023-10-06 18:47:18,256GB,原色钛金属,7天保价，7天后降价1000多，官方降价600块，冤大头，谁买谁后悔。
Apple iPhone 15 Pro (A3104) 256GB 原色钛金属 支持移动联通电信5G 双卡双待手机,2023-10-29 22:06:34,128GB,蓝色钛金属,我的7终于光荣退休了，晚上下单，第二天早上到，迫不及待拆包验机，是正品，唯一不好就是边框会留有指纹，电量跑得快，玩了两局英雄联盟一个小时不到就掉了百分之二十一了。其它后续追评
Apple iPhone 15 Pro (A3104) 256GB 原色钛金属 支持移动联通电信5G 双卡双待手机,2023-10-25 23:29:27,256GB,白色钛金属,终于收到手机了，白色珍珠白，屏幕触感好，拍照清晰色彩好，运行畅快，续航能力强，重量比前几款轻，这个大小女孩子用正正好！
Apple iPhone 15 Pro (A3104) 256GB 原色钛金属 支持移动联通电信5G 双卡双待手机,2023-10-29 23:56:26,256GB,白色钛金属,设计合理，价格小贵。
Apple iPhone 15 Pro (A3104) 256GB 原色钛金属 支持移动联通电信5G 双卡双待手机,2023-09-25 22:08:13,128GB,原色钛金属,手机运行速度很快，运行速度很快，运行速度也很快，很满意的一次购物。京东买东西就是放心，正品保证，退货无忧，购物的好选择，真好
Apple iPhone 15 Pro (A3104) 256GB 原色钛金属 支持移动联通电信5G 双卡双待手机,2023-10-22 08:48:56,128GB,蓝色钛金属,出个13呀，有意的来已经是第五次购买了！质量真的超好！穿上很舒服！同事朋友都叫我帮买！买到就是赚到！已经是第五次购买了！质量真的超好！穿上很舒服！同事朋友都叫我帮买！买到就是赚到！已经是第五次购买了！质量真的超好！穿上很舒服！同事朋友都叫我帮买！买到就是赚到！已经是第五次购买了！质量真的超好！穿上很舒服！同事朋友都叫我帮买！买到就是赚到！
Apple iPhone 15 Pro (A3104) 256GB 原色钛金属 支持移动联通电信5G 双卡双待手机,2023-09-26 18:47:56,256GB,白色钛金属,从12pm换到15pro感觉提升很大，从板砖换到小手机，手感超级棒，重量很轻，拿在手上真的超级舒服。还是小手机最适合我😄
Apple iPhone 15 Pro (A3104) 256GB 原色钛金属 支持移动联通电信5G 双卡双待手机,2023-09-26 19:26:50,256GB,原色钛金属,哈哈哈，这是一个好评模板，因为我很懒不想每个产品都写好评所以特意写下这个模板，以前不知道80个字可以涨积分，现在才知道好评的重要性，妥妥的每条都来评论一下，赚赚积分💰，无论买什么东西我都会把这段话复制粘贴下凑够字数。这是第N次在网上买东西了，东西便宜而且质量好，物美价廉，比平时要便宜，囤了不少，特别特别的满意，客服很有礼貌，很客气，良心商家，支持支持！买买买，根本停不下来，东西品种多又齐全，划算又方便，下次还会再买买买🛍️🛍️🛍️
Apple iPhone 15 Pro (A3104) 256GB 原色钛金属 支持移动联通电信5G 双卡双待手机,2023-10-13 17:54:39,256GB,原色钛金属,这是第N次在京东买东西了，东西便宜而且质量好，物美价廉，买的放心，用的开心，感觉都买上瘾了买买买根本停不下来，东西品种多而且又特别全，划算方便，而且实惠，包装很好，而且没有任何损坏，会一直支持下去的，服务还可以，超级好用，好评！
Apple iPhone 15 Pro (A3104) 256GB 原色钛金属 支持移动联通电信5G 双卡双待手机,2023-10-13 07:10:28,128GB,黑色钛金属,京东快递太快了，头天买的，第二天大早上就送到了。手机非常好用，之前一直用苹果，系统非常流畅，一点也不卡顿。
Apple iPhone 15 Pro (A3104) 256GB 原色钛金属 支持移动联通电信5G 双卡双待手机,2023-09-23 10:30:25,256GB,蓝色钛金属,手机到货速度非常   用起来非常赞  太棒了  一直都用的苹果  虽然没买到原色  可这个颜色也很好看  爱了爱了
Apple iPhone 15 Pro (A3104) 256GB 原色钛金属 支持移动联通电信5G 双卡双待手机,2023-09-17 11:29:03,256GB,原色钛金属,物流一如既往的很快，没抢到首发。但还是22号收到了。颜色属于水泥灰那种很有质感，三星屏幕非常通透。操作非常流畅，但我还是想说一句除了拍照日常使用还不如2k的安卓机，低配高价，内存卖出金子价😁
Apple iPhone 15 Pro (A3104) 256GB 原色钛金属 支持移动联通电信5G 双卡双待手机,2023-10-16 19:36:26,256GB,黑色钛金属,物流迅速，京东小哥也很给力，跟我约定好了提前就拿到商品了，包装完好无破损，拆开后查询了序列号是全新未激活的。手机很nice，很流畅，没有网上出现的一系列问题，希望京东再接再厉，越做越好！
Apple iPhone 15 Pro (A3104) 256GB 原色钛金属 支持移动联通电信5G 双卡双待手机,2023-10-01 15:41:25,1TB,原色钛金属,手机还不错哦，正品保证，手感也是不错的，直接买了1t，用着也挺流畅的，升级系统以后发热问题也改善了挺多，京东的配送速度也很快，还是挺满意的。
Apple iPhone 15 Pro (A3104) 256GB 原色钛金属 支持移动联通电信5G 双卡双待手机,2023-10-25 09:00:48,256GB,白色钛金属,25号刚买昨天就降了500，受不了
Apple iPhone 15 Pro (A3104) 256GB 原色钛金属 支持移动联通电信5G 双卡双待手机,2023-10-29 03:59:44,128GB,原色钛金属,和期待的一样 没毛病 快递没得说 点赞👍
Apple iPhone 15 Pro (A3104) 256GB 原色钛金属 支持移动联通电信5G 双卡双待手机,2023-10-29 08:32:47,256GB,原色钛金属,使用顺畅，京东品质有保障，拍照也还可以
Apple iPhone 15 Pro (A3104) 256GB 原色钛金属 支持移动联通电信5G 双卡双待手机,2023-10-29 08:25:08,256GB,原色钛金属,还不错，便宜了几百块钱，但是跟多多王还是没法比
Apple iPhone 15 Pro (A3104) 256GB 原色钛金属 支持移动联通电信5G 双卡双待手机,2023-10-29 13:06:45,256GB,原色钛金属,非常不错 15pro可以冲！
Apple iPhone 15 Pro (A3104) 256GB 原色钛金属 支持移动联通电信5G 双卡双待手机,2023-10-29 07:42:56,256GB,白色钛金属,有和我一样现象的么，手机刚买回来，相机进去是黑屏，只有清除重新进两三次才会正常，这个改怎么处理，在线求助
Apple iPhone 15 Pro (A3104) 256GB 原色钛金属 支持移动联通电信5G 双卡双待手机,2023-10-22 10:10:30,256GB,黑色钛金属,手机用着没毛病，但是刚过价包就便宜600，属实太无语了
Apple iPhone 15 Pro (A3104) 256GB 原色钛金属 支持移动联通电信5G 双卡双待手机,2023-10-29 15:46:58,256GB,原色钛金属,次日达真的比其他平台快多了，拿到手爱不释手，我是从 13 升级到 15pro 的，对我来说算是提升巨大，不算挤牙膏哈哈哈，原色真的很好看
Apple iPhone 15 Pro (A3104) 256GB 原色钛金属 支持移动联通电信5G 双卡双待手机,2023-10-27 22:02:53,256GB,白色钛金属,"外形外观：买的白色非常好看
屏幕音效：色彩也是很真实，音效非常好，跟一个小音响
拍照效果：拍照效果颜色非常真实
运行速度：手机非常流畅"
Apple iPhone 15 Pro (A3104) 256GB 原色钛金属 支持移动联通电信5G 双卡双待手机,2023-10-29 11:52:42,256GB,原色钛金属,哈哈实惠，第二天就到，不耽误使用，贼快
referenceName,referenceTime,productSize,productColor,content
Apple/苹果 iPhone 15 Pro (A3104) 256GB 原色钛金属 支持移动联通电信5G 双卡双待手机,2024-02-03 13:29:12,128GB,原色钛金属,iphone 15pro 是一款非常出色的智能手机，它拥有出色的性能、精美的设计和优秀的用户体验。它的屏幕显示效果非常出色，拍照功能也十分强大，能够拍摄出高质量的照片和视频。此外，它备长续航和快速充电等实用功能，是一款非常值得购买的手机。信赖京东 选iphone上京东
Apple/苹果 iPhone 15 Pro (A3104) 256GB 原色钛金属 支持移动联通电信5G 双卡双待手机,2024-03-07 15:45:57,128GB,白色钛金属,"成功入手白色，
外形外观：炸裂
屏幕音效：非常完美
拍照效果：Pro级别
运行速度：处理器顶级，运行很快
待机时间：正在使用中
其他特色：白色磨砂效果，手感完美"
Apple/苹果 iPhone 15 Pro (A3104) 256GB 原色钛金属 支持移动联通电信5G 双卡双待手机,2024-02-24 08:55:27,256GB,原色钛金属,"外形外观：外观漂亮简约耐看👀，白看不腻就是喜欢。
屏幕音效：屏幕细腻没的说，三星屏幕很不错推荐购买。
拍照效果：拍照效果一直是苹果的强项，这点母庸质疑。
运行速度：非常流畅。 
待机时间：美一天还有百分之50电"
Apple/苹果 iPhone 15 Pro (A3104) 256GB 原色钛金属 支持移动联通电信5G 双卡双待手机,2024-02-11 06:24:45,256GB,蓝色钛金属,"外形外观：个人感觉手感比14pro握着舒服，边框圆润，也更轻盈
屏幕音效：长时间使用也不累眼，舒服，声音也自然
拍照效果：这已经非常清晰了
运行速度：速度杠杠的"
Apple/苹果 iPhone 15 Pro (A3104) 256GB 原色钛金属 支持移动联通电信5G 双卡双待手机,2024-02-11 15:06:42,256GB,白色钛金属,白色真的好看，小平手机小钢炮，性能非常强，不打游戏可以用好多年了吧，省心省钱，非常好看，这一代拍照不错。
Apple/苹果 iPhone 15 Pro (A3104) 256GB 原色钛金属 支持移动联通电信5G 双卡双待手机,2024-02-12 07:45:27,256GB,黑色钛金属,手感很不错，重量也适中，拍照功能这次可以说非常的强大了，系统不必多说，用了这么多苹果手机，系统是我最放心的地方，流畅度那是相当的好，续航能力也很给力，强烈推荐大家购买。
Apple/苹果 iPhone 15 Pro (A3104) 256GB 原色钛金属 支持移动联通电信5G 双卡双待手机,2024-02-24 08:39:39,256GB,黑色钛金属,"快递很快，一次不错的体验
外形外观：完美
屏幕音效：很好
拍照效果：拍照效果很好，4800万像素也很清晰
运行速度：还没卡过
待机时间：用了一天"
Apple/苹果 iPhone 15 Pro (A3104) 256GB 原色钛金属 支持移动联通电信5G 双卡双待手机,2024-02-14 15:12:45,512GB,原色钛金属,包装完整，无破损。物流及时，无拖延。送货上门，配送方便。苹果一如既往的值得信赖，系统稳定，配置高端，外观大气，设计感很强，使用流畅，做工精细，屏幕清晰，续航能力一天一充，有惊喜，没失望。
Apple/苹果 iPhone 15 Pro (A3104) 256GB 原色钛金属 支持移动联通电信5G 双卡双待手机,2024-02-24 08:34:35,256GB,白色钛金属,"苹果15Pro是一款备受欢迎的新款手机，它在设计和性能方面都取得了显著的提升。首先，它的外观设计非常出色，采用了全新的铝合金和玻璃后盖设计，使得手机更加轻薄、坚固且美观。此外，它的屏幕也得到了升级，采用了高分辨率的OLED显示屏，色彩鲜艳且清晰度极高，为用户提供了更加出色的视觉体验。
苹果15Pro是一款非常出色的手机，它在设计、性能、摄像头系统和系统方面都表现出了强大的实力。如果你追求高品质的手机体验，苹果15Pro绝对是一个不错的选择。我非常推荐这款手机。"
Apple/苹果 iPhone 15 Pro (A3104) 256GB 原色钛金属 支持移动联通电信5G 双卡双待手机,2024-02-22 17:47:06,256GB,白色钛金属,"京东自营苹果店铺品质有保障速度很快实惠服务好
外形外观：大小合适外观很好
屏幕音效：屏幕很惊艳音效很立体
拍照效果：效果真的很好
运行速度：相当的快
待机时间：正常使用很不错
其他特色：优惠力度还可以"
Apple/苹果 iPhone 15 Pro (A3104) 256GB 原色钛金属 支持移动联通电信5G 双卡双待手机,2024-02-24 08:35:24,256GB,黑色钛金属,是正品，很好的产品，希望下次还能购买到，物流很快！！！！！
Apple/苹果 iPhone 15 Pro (A3104) 256GB 原色钛金属 支持移动联通电信5G 双卡双待手机,2024-03-10 14:16:31,256GB,白色钛金属,女朋友非常开心，12战斗多年总算迭代了。手感合适，pro机型不会很大，女孩子使用挺方便的。相册登录之后直接自动同步了
Apple/苹果 iPhone 15 Pro (A3104) 256GB 原色钛金属 支持移动联通电信5G 双卡双待手机,2024-02-24 17:52:27,256GB,白色钛金属,目前感觉还可以～耗电没有传言的这么厉害～希望能好好的，耗电不厉害
Apple/苹果 iPhone 15 Pro (A3104) 256GB 原色钛金属 支持移动联通电信5G 双卡双待手机,2024-03-07 22:30:12,256GB,白色钛金属,机子可以的没有翻车 就是续航有点不怎么样
Apple/苹果 iPhone 15 Pro (A3104) 256GB 原色钛金属 支持移动联通电信5G 双卡双待手机,2024-03-08 14:38:04,256GB,白色钛金属,挺好的，是正品，物流超级快
Apple/苹果 iPhone 15 Pro (A3104) 256GB 原色钛金属 支持移动联通电信5G 双卡双待手机,2024-03-08 14:23:15,256GB,白色钛金属,宝贝收到了，质量很不错，包装精致，材质优秀，比想象中好，送礼自用非常合适，下次继续购买宝贝收到了，质量很不错，包装精致，材质优秀，比想象中好，送礼自用非常合适，下次继续购买
Apple/苹果 iPhone 15 Pro (A3104) 256GB 原色钛金属 支持移动联通电信5G 双卡双待手机,2024-03-08 14:22:36,512GB,白色钛金属,东西外观完好，非常满意
Apple/苹果 iPhone 15 Pro (A3104) 256GB 原色钛金属 支持移动联通电信5G 双卡双待手机,2024-03-05 11:39:34,512GB,白色钛金属,太好看了，价格也优惠，同城送货2小时就到了，大爱呀！
Apple/苹果 iPhone 15 Pro (A3104) 256GB 原色钛金属 支持移动联通电信5G 双卡双待手机,2024-02-06 15:48:47,128GB,黑色钛金属,是正品。很好
Apple/苹果 iPhone 15 Pro (A3104) 256GB 原色钛金属 支持移动联通电信5G 双卡双待手机,2024-01-29 22:13:04,512GB,蓝色钛金属,东西挺好的，主要快递上门满意
Apple/苹果 iPhone 15 Pro (A3104) 256GB 原色钛金属 支持移动联通电信5G 双卡双待手机,2024-03-04 13:11:25,1TB,黑色钛金属,黑色钛金属质感实在太好，色泽高级感强；系统运行流畅，操作起来十分丝滑；A17pro芯片，性能强劲；更轻强度更高的钛金属边框手感极好；Type- C接口支持高达10Gbps速度，也避免了各种线材；
Apple/苹果 iPhone 15 Pro (A3104) 256GB 原色钛金属 支持移动联通电信5G 双卡双待手机,2024-02-12 09:30:05,256GB,原色钛金属,"趁着这次活动入手看了很久的原色，官方渠道用的放
心每款都有不同质感，这次钛金属手感很棒，原色工业风很奈斯，用来当主力机用的，还没充电，不知续航能力如何，后面再来追评。京东送货上门，当面检查包装很放心"
Apple/苹果 iPhone 15 Pro (A3104) 256GB 原色钛金属 支持移动联通电信5G 双卡双待手机,2024-02-24 07:38:40,256GB,蓝色钛金属,几天前她 XR 手机坏了，我征求了老婆的意见，给她买了这款她心仪已久的iPhone15Pro、256G手机&hellip;&hellip;不得不说京东物流一如既往的神速，当天下单当天到手！通过这几天的体验，我们对15Pro的颜值，拍照，色彩，屏幕，声音，功能，续航等，都非常满意！
Apple/苹果 iPhone 15 Pro (A3104) 256GB 原色钛金属 支持移动联通电信5G 双卡双待手机,2024-02-18 11:03:26,128GB,原色钛金属,原色很好看，上手体验很不错，手感一级棒，屏幕很棒，高刷非常满意，京东自营买的放心，发货速度很快，完美下车！
Apple/苹果 iPhone 15 Pro (A3104) 256GB 原色钛金属 支持移动联通电信5G 双卡双待手机,2024-01-27 19:12:16,256GB,原色钛金属,"手机到了，颜值还可以，这个原色有一种高级感
外形外观：可以，很好看
屏幕音效：音质可以，很好听
拍照效果：像素很好，拍照更真实"
Apple/苹果 iPhone 15 Pro (A3104) 256GB 原色钛金属 支持移动联通电信5G 双卡双待手机,2024-02-27 08:32:53,256GB,原色钛金属,给家里人买的iphone15pro 颜色买是是原色非常耐看 A17处理很好 钛合金材质的很好看 手感很好 拍照也非常不错 确实对苹果很喜欢
Apple/苹果 iPhone 15 Pro (A3104) 256GB 原色钛金属 支持移动联通电信5G 双卡双待手机,2024-02-15 21:59:10,1TB,白色钛金属,东西是真的好，价格是真的贵，老婆从来不删东西，所以买了1TB的，真的好贵。心疼➕肉疼。买到手后感觉还是苹果好用，一直也不能狠下心换安卓手机，用惯了苹果的，很难转回去了。自己的也是12，用了3年了，依旧很快。等着换16。
Apple/苹果 iPhone 15 Pro (A3104) 256GB 原色钛金属 支持移动联通电信5G 双卡双待手机,2024-02-29 09:58:32,256GB,白色钛金属,"外形外观：外形美观，采用钛金属边框，机身很轻。

屏幕音效：具有视觉效果出众的灵动岛功能，很有特色，音效也很好。

运行速度：运行速度较之前手机更快速，运行速度很快。"
Apple/苹果 iPhone 15 Pro (A3104) 256GB 原色钛金属 支持移动联通电信5G 双卡双待手机,2024-03-10 12:18:21,256GB,白色钛金属,手机非常不错，价格实惠物美价廉拿在手里高端大气屏幕音效都非常不错，拍照效果也非常得好，拍出来的照片都非常的好看，运行速度非常流畅，玩游戏，不存在卡顿的情况，续航能力也特别的强充电时间短待机时间长
Apple/苹果 iPhone 15 Pro (A3104) 256GB 原色钛金属 支持移动联通电信5G 双卡双待手机,2024-02-28 17:31:38,256GB,原色钛金属,生态还挺好，就是买了后降价
Apple/苹果 iPhone 15 Pro (A3104) 256GB 原色钛金属 支持移动联通电信5G 双卡双待手机,2024-02-14 13:11:24,512GB,原色钛金属,发货速度快，很喜欢哦
Apple/苹果 iPhone 15 Pro (A3104) 256GB 原色钛金属 支持移动联通电信5G 双卡双待手机,2024-03-02 14:20:42,256GB,白色钛金属,手机是原装正品，总体来说还不错
Apple/苹果 iPhone 15 Pro (A3104) 256GB 原色钛金属 支持移动联通电信5G 双卡双待手机,2024-03-09 12:16:57,256GB,白色钛金属,很好啊，真的很不错呢，适合年轻人
Apple/苹果 iPhone 15 Pro (A3104) 256GB 原色钛金属 支持移动联通电信5G 双卡双待手机,2024-03-07 23:38:41,256GB,原色钛金属,非常满意
Apple/苹果 iPhone 15 Pro (A3104) 256GB 原色钛金属 支持移动联通电信5G 双卡双待手机,2024-03-09 14:36:46,128GB,蓝色钛金属,此用户未填写评价内容
Apple/苹果 iPhone 15 Pro (A3104) 256GB 原色钛金属 支持移动联通电信5G 双卡双待手机,2024-03-10 21:54:55,512GB,原色钛金属,快递很快 服务态度好
Apple/苹果 iPhone 15 Pro (A3104) 256GB 原色钛金属 支持移动联通电信5G 双卡双待手机,2024-03-08 19:14:10,256GB,黑色钛金属,"运行速度：还是依然那么苹果
待机时间：新机器待机一天一充吧
屏幕音效：还不错，够用
外形外观：还是老样子，刘海平改型了"
Apple/苹果 iPhone 15 Pro (A3104) 256GB 原色钛金属 支持移动联通电信5G 双卡双待手机,2024-01-18 11:32:27,256GB,原色钛金属,到货速度快，配色真的很好
Apple/苹果 iPhone 15 Pro (A3104) 256GB 原色钛金属 支持移动联通电信5G 双卡双待手机,2024-03-08 19:40:06,256GB,白色钛金属,还要再买个充电头在公司发的那你先就放假快下课开大就发年纪相机飞机坚持己见放技能几点几
Apple/苹果 iPhone 15 Pro (A3104) 256GB 原色钛金属 支持移动联通电信5G 双卡双待手机,2024-03-10 18:23:06,256GB,蓝色钛金属,挺好的 很好用 充电快耗电慢 手感也很好
Apple/苹果 iPhone 15 Pro (A3104) 256GB 原色钛金属 支持移动联通电信5G 双卡双待手机,2024-01-29 13:09:13,128GB,原色钛金属,质量非常好，完全超出期望值，发货速度非常快，包装非常仔细、严实，很满意的一次购物物超所值，非常满意，期间有点小插曲，店家细致周到的服务让人很感动，祝生意兴隆，还会再来
Apple/苹果 iPhone 15 Pro (A3104) 256GB 原色钛金属 支持移动联通电信5G 双卡双待手机,2024-02-16 22:24:42,256GB,蓝色钛金属,"目前没发现什么问题，希望好用，下次再买
外形外观：挺好
屏幕音效：可以
拍照效果：好拍出来不失真
运行速度：挺快的，......."
Apple/苹果 iPhone 15 Pro (A3104) 256GB 原色钛金属 支持移动联通电信5G 双卡双待手机,2024-01-01 11:42:57,256GB,白色钛金属,买给老婆用的，买的挺贵的，一个月差了1000块钱，老婆还不喜欢，恭喜自己喜提新手机。要买麻可丝给老婆，对比下来，pro好小。
Apple/苹果 iPhone 15 Pro (A3104) 256GB 原色钛金属 支持移动联通电信5G 双卡双待手机,2024-03-04 10:34:52,256GB,原色钛金属,蹲了好长时间终于下手了，手感还不错  拍照效果的也挺好的原色这种真的太好看了 很喜欢 运行的速度也很快，待机时间也就那样，没怎么玩的情况下待机了大概一天 后期用了再来追平 快递师傅配送的也很快，包装的也很严实 当天下单当天收到👍价格上没有12期免息 只有6期免息 。
Apple/苹果 iPhone 15 Pro (A3104) 256GB 原色钛金属 支持移动联通电信5G 双卡双待手机,2024-03-05 14:57:01,128GB,白色钛金属,"外形外观：漂亮，好看，还是那么的好看
屏幕音效：很好，颜色靓丽，声音好听，
拍照效果：相当的漂亮，效果好，
运行速度：相当快，还是苹果，用
待机时间：平时用两三天可以，比原来快多了，
其他特色：安装速度，颜值高，但颜色的选择太少"
Apple/苹果 iPhone 15 Pro (A3104) 256GB 原色钛金属 支持移动联通电信5G 双卡双待手机,2024-03-04 18:39:34,128GB,原色钛金属,"以旧换新：无
外形外观：漂亮轻盈
屏幕音效：极好
拍照效果：极好
运行速度：极快
待机时间：可以
其他特色：确实轻了，按钮改进也很方便
机器不错，待比较体验，再做评价"
Apple/苹果 iPhone 15 Pro (A3104) 256GB 原色钛金属 支持移动联通电信5G 双卡双待手机,2024-02-12 17:39:27,256GB,黑色钛金属,这个款式搭配15pro还是很有可观性的，体验了几天第一个感受就是这个透明度原彩显示很到位，看着手机很漂亮，苹果手机本身看着很高级，也比较简约，搭配这个壳子很协调，摸上手这几天感觉也比较顺滑好拿，很舒服的感觉，以前用的那些没有这个顺滑，不会卡手，总体都很满意，很薄，完全就是裸机的手感，质量绝绝子。
Apple/苹果 iPhone 15 Pro (A3104) 256GB 原色钛金属 支持移动联通电信5G 双卡双待手机,2024-02-07 22:24:09,256GB,白色钛金属,iPhone15p 外观漂亮，大小合适，续航时间长，运行平稳流畅，反应速度很快，灵敏，确实不错，京东商城购买方便快捷送货快！
Apple/苹果 iPhone 15 Pro (A3104) 256GB 原色钛金属 支持移动联通电信5G 双卡双待手机,2024-02-24 23:46:52,256GB,白色钛金属,在京东上买了很多部苹果手机了，送货快，正品保障，售后服务还特别好。非常信赖京东。这次买的苹果手机感觉也很好。嗯，A17的芯片运行速度非常快。不愧是三纳米技术的顶级芯片。日常使用很流畅，待机也明显优于之前淘汰的iPhone 13.嗯，总体来讲这次体验很不错。
Apple/苹果 iPhone 15 Pro (A3104) 256GB 原色钛金属 支持移动联通电信5G 双卡双待手机,2024-03-08 20:03:27,128GB,白色钛金属,"1、iPhone有一点厚，游戏运行也不错，新号有一点若。其他都不错，真心评价。值得拥有拍照效果:很清晰的显示效果:色彩很好，很柔和。
电池续航:电池不错运行速度:很快的，
通信音质:音质没毛病，底下堵住听筒那边就响声环绕，立体声很好!2、白色的是真漂亮，最耐看的颜色没有之一!从4S开始就习惯了iOS的系统，简单好用!忠实果粉一枚!国产机也不错，但是安卓系统用不来!希望苹果的外观能够更加大胆的创新!!3、拍照效果:拍照非常好，夜景模式拍的非常清楚显示效果:亮度也好 电池续航:电池非常耐用，用的少的话，基本一天一充 运行速度:运行速度非常流畅，速度很快 通信音质:音质更加没得说，音质非常真，好听，总之非常好其他特色:我用了也有一段时间了，总之非常棒的一部手机，物超所值，值得拥有!"
Apple/苹果 iPhone 15 Pro (A3104) 256GB 原色钛金属 支持移动联通电信5G 双卡双待手机,2024-03-08 06:44:35,256GB,白色钛金属,手机特别喜欢，颜值高质量好，屏幕分辨率显示效果特别棒，拍照效果杠杠滴，中看又中用！
Apple/苹果 iPhone 15 Pro (A3104) 256GB 原色钛金属 支持移动联通电信5G 双卡双待手机,2024-03-08 21:34:19,256GB,原色钛金属,物流很快，手机很流畅，拍照效果不错，好评！
Apple/苹果 iPhone 15 Pro (A3104) 256GB 原色钛金属 支持移动联通电信5G 双卡双待手机,2024-03-10 22:54:56,256GB,白色钛金属,最终选择了白色，真的很好看，外形很时尚，超薄机身，三个摄像头，系统流畅不卡顿，真心不错！
Apple/苹果 iPhone 15 Pro (A3104) 256GB 原色钛金属 支持移动联通电信5G 双卡双待手机,2024-03-10 10:43:20,256GB,原色钛金属,手机赶上做活动的时候买的，这个价格一分钱一分货，从外观看很美，材质做工都不错，感觉买值了
Apple/苹果 iPhone 15 Pro (A3104) 256GB 原色钛金属 支持移动联通电信5G 双卡双待手机,2024-03-10 19:39:47,256GB,白色钛金属,白色真的很好看，系统不必多说，那是相当的流畅，续航能力***d(^^*)
Apple/苹果 iPhone 15 Pro (A3104) 256GB 原色钛金属 支持移动联通电信5G 双卡双待手机,2024-03-11 16:34:57,512GB,原色钛金属,手机期待了好久终于等到了就是这充电头还在路上
Apple/苹果 iPhone 15 Pro (A3104) 256GB 原色钛金属 支持移动联通电信5G 双卡双待手机,2024-02-24 07:39:03,256GB,原色钛金属,手机的质量很好，是正品，手机一直都是在京豆购物。
Apple/苹果 iPhone 15 Pro (A3104) 256GB 原色钛金属 支持移动联通电信5G 双卡双待手机,2024-03-09 12:14:49,256GB,蓝色钛金属,手机外观设计的很漂亮，屏幕大小拿在手里很舒服，看视频打游戏都很合适，整体来说很超值了！
Apple/苹果 iPhone 15 Pro (A3104) 256GB 原色钛金属 支持移动联通电信5G 双卡双待手机,2024-03-10 10:21:05,128GB,原色钛金属,不知道怎么回事，之前用11的时候感觉很流畅，这个新款感觉~消息有延迟
Apple/苹果 iPhone 15 Pro (A3104) 256GB 原色钛金属 支持移动联通电信5G 双卡双待手机,2024-03-10 01:23:23,256GB,白色钛金属,手机搞活动买的，外观和描述一致，美观实用，材质手感都不错，运行速度也很快，特别喜欢！
Apple/苹果 iPhone 15 Pro (A3104) 256GB 原色钛金属 支持移动联通电信5G 双卡双待手机,2024-02-19 22:22:21,256GB,黑色钛金属,"外形外观：外观好看，手机很好看。
屏幕音效：屏幕很好，很清楚。
拍照效果：拍照很清楚，很速度。
运行速度：运行速度很快。
待机时间：待机很久。
其他特色：不错不错不错不错的手机。京东的产品可以信任。快递也很快。"
Apple/苹果 iPhone 15 Pro (A3104) 256GB 原色钛金属 支持移动联通电信5G 双卡双待手机,2024-02-17 14:01:22,256GB,原色钛金属,"外形外观：外形外观：既简约又大方，外观好看手感也很好
屏幕音效：屏幕看得很清晰，音质也是无可挑剔
拍照效果：iPhone拍照不用说，有自己的独特感！
运行速度：非常流畅无任何卡顿

物流很快，宝贝很好，店家人nice！好评！一个字好，两个字很好，三个字太好了！哈哈&hellip;&hellip;"
Apple/苹果 iPhone 15 Pro (A3104) 256GB 原色钛金属 支持移动联通电信5G 双卡双待手机,2024-02-24 07:49:25,256GB,白色钛金属,"外形外观：高端大气上档次，很有手感，质感，非常好
屏幕音效：非常棒，很喜欢，追剧打游戏都是棒棒哒
拍照效果：非常清晰
运行速度：不卡顿
待机时间：很长"
Apple/苹果 iPhone 15 Pro (A3104) 256GB 原色钛金属 支持移动联通电信5G 双卡双待手机,2024-02-02 23:19:59,256GB,原色钛金属,外观很完美，屏幕看起来非常舒服，效果非常好，观感上很舒服。拍照效果，完美。运行速度就不用说了，两个字丝滑。用好几年也没问题，待机时间，正常吧！平时充电注意保护电池就行，性能卓越，A17 Pro芯片带来顶级体验，整体而言，它是一款值得推荐的高端智能手机。
Apple/苹果 iPhone 15 Pro (A3104) 256GB 原色钛金属 支持移动联通电信5G 双卡双待手机,2024-02-24 04:33:47,256GB,白色钛金属,"收到手机，没有瑕疵。完美下车，使用了快两周才来评价，整体使用感很不错，手机确实超轻。
我下单两天就到了，双十一的速度确实有改善，不错哦！激活导手机没有发烫，不过导入时间比较久，花了大概1小时。11pro用到15pro max，遥遥领先 通信音质：很清晰，音质好 显示效果：画面清晰分辨率高"
Apple/苹果 iPhone 15 Pro (A3104) 256GB 原色钛金属 支持移动联通电信5G 双卡双待手机,2024-01-05 22:23:14,128GB,原色钛金属,"以旧换新：没参与以旧换新的活动，上一个手机用了好多年😅
外形外观：拿着手感比较好，很舒服，对于我这种手小的人来说刚刚好，视觉效果很棒的👍
运行速度：运行很流畅，没有卡顿👍"
Apple/苹果 iPhone 15 Pro (A3104) 256GB 原色钛金属 支持移动联通电信5G 双卡双待手机,2024-02-17 08:08:38,256GB,原色钛金属,"外形外观：苹果经典的外观，今年把边框做了圆润化处理不割手了，很不错
屏幕音效：很棒，虽然参数可能比不上国产的一众旗舰，但得益于苹果优秀的色彩管理，观感上很舒服。
拍照效果：挺好的，比之前的苹果要强，和安卓旗舰机差不多，录像还是领先。
运行速度：很好，苹果基本不用担心卡顿的问题。
其他特色：钛合金边框确实硬度比铝合金的强，从口袋里刮出来掉在水泥地上都没有痕迹，之前用的8plus掉水泥地就是一个坑。"
Apple/苹果 iPhone 15 Pro (A3104) 256GB 原色钛金属 支持移动联通电信5G 双卡双待手机,2024-02-24 08:10:03,256GB,白色钛金属,这款iphone15promax让我惊喜连连，这款机采用了全新的钛金属机身，更牢固，耐用，边框更窄，重量也更轻了，上手体验非常不错，同时手机具有120hz动态刷新率，用起来非常的丝滑，并且搭载的这颗芯片真的强劲。
Apple/苹果 iPhone 15 Pro (A3104) 256GB 原色钛金属 支持移动联通电信5G 双卡双待手机,2024-02-11 15:20:26,256GB,黑色钛金属,"一如既往的好看，原彩屏显示很到位，拍照的电影模式非常出片，手感很舒服，顺滑，
外形外观：非常好看
屏幕音效：音效很好
拍照效果：非常好看
运行速度：很快"
Apple/苹果 iPhone 15 Pro (A3104) 256GB 原色钛金属 支持移动联通电信5G 双卡双待手机,2024-01-20 14:13:22,128GB,白色钛金属,iPhone15pro的体验真是太棒了，各方面都很出色！屏幕清晰、拍照效果一流👌。续航能力也很强大，让我每天都能轻松应对各种使用场景。如果你想要一款兼具优秀性能和极佳体验的手机，那就选它没错啦！
Apple/苹果 iPhone 15 Pro (A3104) 256GB 原色钛金属 支持移动联通电信5G 双卡双待手机,2024-02-13 21:33:21,512GB,原色钛金属,退货体验特别差，各种拖，最后没退成
Apple/苹果 iPhone 15 Pro (A3104) 256GB 原色钛金属 支持移动联通电信5G 双卡双待手机,2024-01-27 16:00:44,256GB,白色钛金属,趁着优惠，赶紧入手，是正品，包装也非常的好，没有破损，质量也是没得说，棒👍
Apple/苹果 iPhone 15 Pro (A3104) 256GB 原色钛金属 支持移动联通电信5G 双卡双待手机,2024-01-20 23:59:07,256GB,白色钛金属,手机很好用，手感不错，外观也好，拍照无滤镜也很美
Apple/苹果 iPhone 15 Pro (A3104) 256GB 原色钛金属 支持移动联通电信5G 双卡双待手机,2024-03-12 17:18:20,256GB,原色钛金属,价格合适，极速送货上门，京东自营值得购买，北京市区的基本可以同城快递，一个小时左右就可以收到，达达快递，凭收件码收货。推荐线上购买。
Apple/苹果 iPhone 15 Pro (A3104) 256GB 原色钛金属 支持移动联通电信5G 双卡双待手机,2024-02-23 10:58:39,256GB,白色钛金属,手机很漂亮也很好用，操作很流畅，真品，~促销活动很不错哦！
Apple/苹果 iPhone 15 Pro (A3104) 256GB 原色钛金属 支持移动联通电信5G 双卡双待手机,2024-03-08 00:10:26,256GB,原色钛金属,正品，物美价廉
Apple/苹果 iPhone 15 Pro (A3104) 256GB 原色钛金属 支持移动联通电信5G 双卡双待手机,2024-03-07 23:11:32,256GB,白色钛金属,好使
Apple/苹果 iPhone 15 Pro (A3104) 256GB 原色钛金属 支持移动联通电信5G 双卡双待手机,2024-01-22 21:30:26,256GB,蓝色钛金属,还可以吧，感觉拍照有点糊，颜色很喜欢，大小也合适
Apple/苹果 iPhone 15 Pro (A3104) 256GB 原色钛金属 支持移动联通电信5G 双卡双待手机,2024-01-28 20:32:01,128GB,白色钛金属,京东品质没话说，降价时添了一部新手机。
Apple/苹果 iPhone 15 Pro (A3104) 256GB 原色钛金属 支持移动联通电信5G 双卡双待手机,2024-03-01 10:20:57,512GB,白色钛金属,挺好滴，价格划算，送货快
Apple/苹果 iPhone 15 Pro (A3104) 256GB 原色钛金属 支持移动联通电信5G 双卡双待手机,2024-01-24 12:53:02,256GB,白色钛金属,手机包装壳较旧，物流速度还行
Apple/苹果 iPhone 15 Pro (A3104) 256GB 原色钛金属 支持移动联通电信5G 双卡双待手机,2024-02-11 13:37:21,256GB,蓝色钛金属,"外形外观：蓝色钛金属真的好好看 磨砂的质地
拍照效果：运动模式防抖很无敌
待机时间：电池消耗也比较慢 买了第三方30w的充电套
送货很给力 下单两小时就到了"
Apple/苹果 iPhone 15 Pro (A3104) 256GB 原色钛金属 支持移动联通电信5G 双卡双待手机,2024-02-08 00:17:21,256GB,白色钛金属,iPhone 15 Pro用户体验极佳，操作流畅，功能强大。摄像头性能卓越，拍照效果惊艳。屏幕清晰，色彩鲜艳。电池续航持久，充电迅速。整体而言，iPhone 15 Pro是一款非常出色的智能手机，值得推荐。
Apple/苹果 iPhone 15 Pro (A3104) 256GB 原色钛金属 支持移动联通电信5G 双卡双待手机,2024-03-09 00:44:01,256GB,白色钛金属,我真的非常喜欢京东，因为京东的东西我买的放心用的安心，客服也很好有礼貌，快递也非常的快，快递小哥也都是特别的好有礼貌，作为京东六，七年的老用户了，我认为京东真的是非常好的购物平台，它所带来的不仅仅是对购物完美的体验，更多的是人性化的服务与产品质量都能得到很好的保证让我们买的放心用的安心，而且plus会员带给我的不仅仅是提升了高质量的购物体验，也让我感受到了京东的用心，对于我而言对于大的智能家电，笔记本，电视，空调，小到平板，手机，耳机等只要是这些电子设备在网络平台购物我只认京东，像一些零食与生活用品我也基本上都会从京东上购买，不仅是因为性价比高便宜品质有保证，更是因为在你需要这个的事情，京东能很快送到你手上，对于小城市而言可能第二天到货，但是对于大城市而言，早上买基本上晚上就到货，而且不喜欢随时都可以退，京东真的做到了让我们有非常好的购物体验，这才是我喜欢与信赖京东的原因！
Apple/苹果 iPhone 15 Pro (A3104) 256GB 原色钛金属 支持移动联通电信5G 双卡双待手机,2024-02-14 22:05:49,512GB,黑色钛金属,"苹果15pro max的外观设计非常出色，采用了全新的设计理念和材质，打造出了与众不同的机身造型。手机正面采用了无边框的设计，让屏幕更加纯净，视觉效果更加出色。机身采用了金属和玻璃材质的组合，让手机不仅具有坚固耐用的特点，还拥有出色的手感。此外，手机还支持|P68级别的防水功能，能够在水下使用，增加了使用的便利性。
二、性能表现
苹果15pro max搭载了最新的芯片技术，拥有更快的处理速度和更低的功耗。同时，手机还配备了6GB的运行内存和512GB的存储空间，能够满
足用户日常使用的需求。在游戏和多任务处理方
面，手机表现出色，能够轻松应对各种复杂的应用场景。此外，手机还支持5G网络，让用户在高速网络下畅享各类互联网应用。
苹果15pro"
Apple/苹果 iPhone 15 Pro (A3104) 256GB 原色钛金属 支持移动联通电信5G 双卡双待手机,2024-02-14 16:56:02,512GB,蓝色钛金属,"外形外观：不过时，耐造
屏幕音效：大声，比以前的声音更大一点
拍照效果：没毛病，清晰
运行速度：杠杠的，苹果依旧没有毛病
待机时间：合适，能满足日常使用"
Apple/苹果 iPhone 15 Pro (A3104) 256GB 原色钛金属 支持移动联通电信5G 双卡双待手机,2024-02-14 13:56:17,512GB,原色钛金属,"外形外观：首次使用了质地坚固和轻盈的钛金属
屏幕音效：6.1英寸屏幕，最窄的边框
拍照效果：色彩鲜艳
运行速度：非常流畅
待机时间：很长很长"
Apple/苹果 iPhone 15 Pro (A3104) 256GB 原色钛金属 支持移动联通电信5G 双卡双待手机,2024-02-24 08:29:09,256GB,原色钛金属,"外形外观：外观大气上档次，送女朋友的礼物，很值得。
屏幕音效：屏幕用起来方便刘畅，一点都不卡
运行速度：运行速度快，相比于安卓机来说
待机时间：待机时间还行，不短"
Apple/苹果 iPhone 15 Pro (A3104) 256GB 原色钛金属 支持移动联通电信5G 双卡双待手机,2024-02-18 11:02:19,128GB,原色钛金属,"运行畅快拍照清晰续航很好
帮家里人买的Pro，到手她挺满意，我觉得6.1寸屏幕还是小了点图为Pro和 plus大小对比
果子用的屏幕素质显示效果很好，搭
配iOS系统还是过渡很丝滑。拍照效果这次提高了，不过和顶级安卓机比感觉有些差距。但是果子拍视频是实在强上一整个段位，目前没有对手。而且喜欢自拍的妹纸，苹果的前置相机自拍目前也是最好的。系统和软硬件结合丝滑流畅这个就不用多说什么了，年年如此，赞一个!
加入购物车"
Apple/苹果 iPhone 15 Pro (A3104) 256GB 原色钛金属 支持移动联通电信5G 双卡双待手机,2024-01-23 16:15:36,256GB,白色钛金属,嘎嘎棒啊 第一次用苹果手机 适应起来也蛮快 基本上一两天的事情 整体运行很流畅 外观很高级 搭配400的官方手机壳 帅呆了
Apple/苹果 iPhone 15 Pro (A3104) 256GB 原色钛金属 支持移动联通电信5G 双卡双待手机,2024-03-12 10:19:11,512GB,原色钛金属,质量很好哦，发货也很快，一家非常喜欢的店铺，我要疯狂推荐给朋友们
Apple/苹果 iPhone 15 Pro (A3104) 256GB 原色钛金属 支持移动联通电信5G 双卡双待手机,2024-03-12 10:24:17,128GB,原色钛金属,物流挺快，11点下单，15点收到。但是新机器盒子没有膜吗？机器应该没啥问题，也不懂，不会看，拿来就用，没啥惊喜，主要是XR还能再战。
Apple/苹果 iPhone 15 Pro (A3104) 256GB 原色钛金属 支持移动联通电信5G 双卡双待手机,2024-02-24 07:32:30,256GB,白色钛金属,"手机发货很快，东西质量非常好，与卖家描述的完全一致，非常满
意很喜欢，完全超出期望值，发货速度非常快，包装仔细、严实，物流公司运送速度也快。很满意的一次购物。"
Apple/苹果 iPhone 15 Pro (A3104) 256GB 原色钛金属 支持移动联通电信5G 双卡双待手机,2024-02-24 08:41:39,256GB,原色钛金属,收到不错，推荐购买
Apple/苹果 iPhone 15 Pro (A3104) 256GB 原色钛金属 支持移动联通电信5G 双卡双待手机,2024-03-09 05:06:56,256GB,原色钛金属,终于收到货了，非常非常喜欢，做工精致漂亮，已经被很多人夸了，真的太开心了，已经是他家的忠实粉丝了，以后还会继续买买买的
Apple/苹果 iPhone 15 Pro (A3104) 256GB 原色钛金属 支持移动联通电信5G 双卡双待手机,2024-01-30 22:14:39,1TB,原色钛金属,手机可以，就是买了之后狂降价&hellip;
Apple/苹果 iPhone 15 Pro (A3104) 256GB 原色钛金属 支持移动联通电信5G 双卡双待手机,2024-03-09 16:45:33,256GB,白色钛金属,从13pro换到15pro，最直观的感受是变轻了，喜欢看演唱会，拿来拍演出现场，效果要比其它手机好很多
Apple/苹果 iPhone 15 Pro (A3104) 256GB 原色钛金属 支持移动联通电信5G 双卡双待手机,2024-03-05 15:55:21,256GB,白色钛金属,此用户未填写评价内容
Apple/苹果 iPhone 15 Pro (A3104) 256GB 原色钛金属 支持移动联通电信5G 双卡双待手机,2024-03-02 21:07:03,128GB,原色钛金属,相信苹果，全家桶已齐
Apple/苹果 iPhone 15 Pro (A3104) 256GB 原色钛金属 支持移动联通电信5G 双卡双待手机,2024-02-09 17:18:03,256GB,白色钛金属,选了很久最终还是选了白色，真的很好看，裸机的使用手感超级好，A17 Pro处理器可以满足所有使用需求。
Apple/苹果 iPhone 15 Pro (A3104) 256GB 原色钛金属 支持移动联通电信5G 双卡双待手机,2024-02-18 12:09:00,128GB,原色钛金属,首先从颜值上是天花板，外观非常的帅气，高大上屏听其它人说幕音效非常良好，拍照效果极佳，可以放大多倍镜，看得很清晰，能把人物拍出惟妙惟肖的感觉，运行速度流畅，续航能力极强，使用起来非常不错，趁着做活动，果断入手，从拍照到游戏，果真手感不错。
Apple/苹果 iPhone 15 Pro (A3104) 256GB 原色钛金属 支持移动联通电信5G 双卡双待手机,2024-02-20 19:12:02,1TB,蓝色钛金属,非常喜欢，质量特别好，颜色超级棒，满意好评我觉得这个价格买到这么些东西，还是特别划算的~收到货，第一时间拆包装，质量非常好，与卖家描述一致，完全超出我的期望值，包装很仔细、严实，总的来说这次是很满意的一次购物，感谢卖家。收到宝贝真心不错，性价比很高，经济实惠。快递的速度也是给力，收到之后打开看，各种东西放的非常齐全，包装完整。找到一家品质一流的商家真的是不容易，你家的货我会一直买下去的，给你五星好评!质量非常好，与卖家描述的完全一致，完全超出期望值，包装非常仔细，很满意的一次购物
Apple/苹果 iPhone 15 Pro (A3104) 256GB 原色钛金属 支持移动联通电信5G 双卡双待手机,2024-02-14 13:44:57,512GB,原色钛金属,原来的6s用了8年多，电池不行了，换个15的，手机 非常好，不玩游戏，电池一天足够了，pro拍照效果 超赞，还要慢慢研究怎么发挥它的最大值，运行速度 快，流畅不卡顿，功能强大，满意。
Apple/苹果 iPhone 15 Pro (A3104) 256GB 原色钛金属 支持移动联通电信5G 双卡双待手机,2024-02-24 05:54:36,256GB,白色钛金属,"以旧换新：这个没有体验，不评价
外形外观：外观很好看，符合我个人的审美点，很喜欢
屏幕音效：屏幕材质不错，很流畅，比安卓机来说。
拍照效果：拍照效果一流"
Apple/苹果 iPhone 15 Pro (A3104) 256GB 原色钛金属 支持移动联通电信5G 双卡双待手机,2024-03-05 09:40:09,256GB,白色钛金属,挺不错的，现在买价格实惠，手机很轻巧，不错不错，各个功能都挺好的，好评的，新手机电池待机很给力，给好评。
Apple/苹果 iPhone 15 Pro (A3104) 256GB 原色钛金属 支持移动联通电信5G 双卡双待手机,2024-02-24 18:21:40,256GB,原色钛金属,"外形外观：手感非常好，手机厚薄正好，非常适合小女生使用

拍照效果：像素也挺好，拍出来的照片非常有质感
运行速度：运行速度很快
整体手机使用很流畅，值得购买"
Apple/苹果 iPhone 15 Pro (A3104) 256GB 原色钛金属 支持移动联通电信5G 双卡双待手机,2024-02-18 12:26:29,128GB,原色钛金属,苹果15 Pro设计奢华，性能卓越，显示屏色彩饱满，A17 Pro芯片带来顶级体验，相机系统令人印象深刻，支持5G快速下载。整体而言，它是一款值得推荐的高端智能手机。
Apple/苹果 iPhone 15 Pro (A3104) 256GB 原色钛金属 支持移动联通电信5G 双卡双待手机,2024-01-24 20:51:36,256GB,原色钛金属,速度快很好用，喜欢，值得买
Apple/苹果 iPhone 15 Pro (A3104) 256GB 原色钛金属 支持移动联通电信5G 双卡双待手机,2024-02-24 06:36:33,256GB,白色钛金属,"外形外观：很好看
屏幕音效：屏幕光滑，没有杂音
拍照效果：拍照很清晰
运行速度：运行速度很快
待机时间：一天不用充电"
Apple/苹果 iPhone 15 Pro (A3104) 256GB 原色钛金属 支持移动联通电信5G 双卡双待手机,2024-02-04 13:52:31,256GB,黑色钛金属,"外形外观：iPhone的手机和apple的手机还是很厉害的，
屏幕音效：都不错，
拍照效果：3x的长焦端的拍照的效果还是很好的，
运行速度：8GB内存效果很好，很满意。
待机时间：一般吧"
Apple/苹果 iPhone 15 Pro (A3104) 256GB 原色钛金属 支持移动联通电信5G 双卡双待手机,2024-03-11 15:46:45,256GB,白色钛金属,很不错，京东值得信赖购买
Apple/苹果 iPhone 15 Pro (A3104) 256GB 原色钛金属 支持移动联通电信5G 双卡双待手机,2024-01-17 23:17:24,128GB,原色钛金属,东西真的很不错的，用起来顺滑，值得购买的
Apple/苹果 iPhone 15 Pro (A3104) 256GB 原色钛金属 支持移动联通电信5G 双卡双待手机,2024-01-17 23:19:31,128GB,原色钛金属,东西真的很不错的，用起来顺滑，值得购买的
Apple/苹果 iPhone 15 Pro (A3104) 256GB 原色钛金属 支持移动联通电信5G 双卡双待手机,2024-01-18 00:01:51,128GB,原色钛金属,东西真的很不错的，用起来顺滑，值得购买的
Apple/苹果 iPhone 15 Pro (A3104) 256GB 原色钛金属 支持移动联通电信5G 双卡双待手机,2024-02-21 12:07:50,512GB,黑色钛金属,东西真的很不错的，用起来顺滑，值得购买的
Apple/苹果 iPhone 15 Pro (A3104) 256GB 原色钛金属 支持移动联通电信5G 双卡双待手机,2024-03-08 13:40:55,128GB,原色钛金属,东西真的很不错的，用起来顺滑，值得购买的
Apple/苹果 iPhone 15 Pro (A3104) 256GB 原色钛金属 支持移动联通电信5G 双卡双待手机,2024-03-10 22:49:56,256GB,原色钛金属,东西真的很不错的，用起来顺滑，值得购买的
Apple/苹果 iPhone 15 Pro (A3104) 256GB 原色钛金属 支持移动联通电信5G 双卡双待手机,2024-02-22 16:48:46,512GB,白色钛金属,图一是这个苹果照的，图二是华为拍的。请问我的手机是不是有问题。电池到下午两点钟就没有了，还只看~就这么耗电。我想知道大家的手机都这样还是我这个就是有问题的。
Apple/苹果 iPhone 15 Pro (A3104) 256GB 原色钛金属 支持移动联通电信5G 双卡双待手机,2024-03-11 20:20:40,256GB,白色钛金属,13pro换的15pro一如既往的好用👍🏻
Apple/苹果 iPhone 15 Pro (A3104) 256GB 原色钛金属 支持移动联通电信5G 双卡双待手机,2024-02-24 08:34:39,256GB,原色钛金属,收到啦，很不错，非常喜欢，值得购买，(*^__^*) 嘻嘻&hellip;&hellip;
Apple/苹果 iPhone 15 Pro (A3104) 256GB 原色钛金属 支持移动联通电信5G 双卡双待手机,2024-02-15 11:07:39,256GB,原色钛金属,手机用了段时间，之前用的安卓，总体效果挺好的，今年的新配色挺喜欢，做工方面也没有发现什么瑕疵，边框新的材料，指纹控制比之前的好一些，这个系统流畅，需要一段时间适应，很喜欢这个拍摄功能，真的很棒
Apple/苹果 iPhone 15 Pro (A3104) 256GB 原色钛金属 支持移动联通电信5G 双卡双待手机,2024-01-13 10:45:33,512GB,原色钛金属,一直想买苹果手机，最新款直接入手，之前有个苹果平板，终于购买了，外形一如既往地苹果，买就行了，各项功能效果都很好，推荐购买！价格方面祝大家好运吧！
Apple/苹果 iPhone 15 Pro (A3104) 256GB 原色钛金属 支持移动联通电信5G 双卡双待手机,2024-02-28 10:12:05,128GB,原色钛金属,"拍照效果：拍照非常好，夜景模式挺不错的，微距的效果也挺好
运行速度：很流畅丝滑
屏幕音效：带高刷就是爽 丝滑流畅，屏幕显示在太阳底下依旧清晰，亮度很高"
Apple/苹果 iPhone 15 Pro (A3104) 256GB 原色钛金属 支持移动联通电信5G 双卡双待手机,2024-02-16 16:14:01,256GB,白色钛金属,"外形外观：外形好看，做工良好，握持感提升明显
屏幕音效：屏幕素质优秀，双扬声器效果特别好
拍照效果：拍照正常水平，不如安卓部分旗舰
运行速度：ios系统流畅度高，用着省心顺手"
Apple/苹果 iPhone 15 Pro (A3104) 256GB 原色钛金属 支持移动联通电信5G 双卡双待手机,2024-02-14 14:20:21,512GB,原色钛金属,"趁过年给家人也买个小礼物，和对象一起换了新手机，他喜欢小屏的就买的pro,手感很不错，比max轻不少，玩久了也不会累，手机屏幕特别好，护眼，这次还能用12期免息，太爽了，很满意，有手机数码需求就来京东买就对了！"
Apple/苹果 iPhone 15 Pro (A3104) 256GB 原色钛金属 支持移动联通电信5G 双卡双待手机,2024-02-24 08:13:18,256GB,原色钛金属,"外形外观：大小刚好，手感非常不错
屏幕音效：音质很好    听音乐非常有感觉
拍照效果：像素画苗超级清楚    
待机时间：耐用，代理很久"
Apple/苹果 iPhone 15 Pro (A3104) 256GB 原色钛金属 支持移动联通电信5G 双卡双待手机,2024-02-15 23:37:53,256GB,原色钛金属,用了半个月来评论的，手机颜值很高，原色高端大气，机子很流畅，真的和流畅，从安卓过渡到苹果的，一开始上手可能会有点不习惯，但是很快就适应了，真的超级流畅，信号也还行，电池续航也很好，充一次，可以玩一天，也不怎么发热，其他暂时没发现其他什么问题
Apple/苹果 iPhone 15 Pro (A3104) 256GB 原色钛金属 支持移动联通电信5G 双卡双待手机,2024-03-08 21:26:15,256GB,黑色钛金属,"【钛】合金材料。确实减轻了原来Pro重量，从206g减少到187g，加上更圆润的边角，握持舒服，完全没有
14 Pro从手中滑落的感觉，简直是裸机党的最爱！【C
接口】拯救了双机党，再也不用外出带两条线，妥妥很方便。【物流】发货速度超快，第二天就送达，送货上门，早早体验用上新款15 Pro。
五倍变焦 yyds 😍"
Apple/苹果 iPhone 15 Pro (A3104) 256GB 原色钛金属 支持移动联通电信5G 双卡双待手机,2024-02-24 06:31:01,256GB,白色钛金属,苹果15pro性价比很高，使用体验非常棒，外观设计精美，手感顺滑，屏幕显示清晰，色彩鲜艳，拍照效果比较出色，特别是操作系统比较稳定，运行速度快，比较满意👍
Apple/苹果 iPhone 15 Pro (A3104) 256GB 原色钛金属 支持移动联通电信5G 双卡双待手机,2024-02-03 17:14:25,256GB,原色钛金属,"作为一名消费者，我最近有幸使用了iPhone 15,在此分享我的使用体验。

首先，我要说的是，iPhone 15真的非常好用。它的操作流畅，无论是打开应用程序还是进行多任务处理，都能让人感到非常舒适。同时，它的屏幕显示效果也非常出色，色彩鲜艳，细节清晰，让我在观看视频和玩游戏时都能享受到极佳的视觉体验。

在使用过程中，我发现iPhone 15的电池续航能力也相当强大。即使我在使用大量应用程序和游戏的情况下，它仍能保持稳定的电量，让我无需担心电量不足的问题。

此外，iPhone 15还配备了一系列实用的功能，如面部识别解锁、无线充电等，让我的日常使用更加便捷。

总体来说，我对iPhone 15非常满意。它不仅拥有出色的性能和优秀的显示效果，还具备强大的电池续航能力和实用的功能。我强烈推荐给大家，特别是那些注重手机性能和体验的消费者。

当然，每个人的需求和喜好都不同，所以我建议大家在购买前可以去实体店亲自体验一下，看看是否符合自己的期望。"
Apple/苹果 iPhone 15 Pro (A3104) 256GB 原色钛金属 支持移动联通电信5G 双卡双待手机,2024-02-24 00:10:17,256GB,蓝色钛金属,"买来7849
后面过了10天左右降价约200
价格极其不稳定，
客服态度就是拖"
Apple/苹果 iPhone 15 Pro (A3104) 256GB 原色钛金属 支持移动联通电信5G 双卡双待手机,2024-02-19 09:07:29,256GB,原色钛金属,提供好的服务态度不满意的时候就
Apple/苹果 iPhone 15 Pro (A3104) 256GB 原色钛金属 支持移动联通电信5G 双卡双待手机,2024-02-12 19:34:43,256GB,原色钛金属,物流特别快，手机很流畅，非常好
Apple/苹果 iPhone 15 Pro (A3104) 256GB 原色钛金属 支持移动联通电信5G 双卡双待手机,2024-02-06 08:28:53,256GB,蓝色钛金属,用了觉得很不错，商品质量好，发货也挺快的，总之就是很赞了
Apple/苹果 iPhone 15 Pro (A3104) 256GB 原色钛金属 支持移动联通电信5G 双卡双待手机,2024-02-15 11:58:44,1TB,白色钛金属,此用户未填写评价内容
Apple/苹果 iPhone 15 Pro (A3104) 256GB 原色钛金属 支持移动联通电信5G 双卡双待手机,2024-03-09 10:51:13,256GB,原色钛金属,自从京东自营开店以后，这么多年过去了，我们一家人一直都喜欢在京东买东西，很早以前就办理了京东plus会员，这几年节约了少说也有几千元。从家里吃的喝的，用的穿的，京东从来就没有让人失望过。平时的优惠也有很多，活动也很丰富。这次买的这个东西也很好，虽然价格略有小贵，但质量确实不错，得到了家里人一致的肯定。如果下次赶上有优惠活动，还会继续购买的。
Apple/苹果 iPhone 15 Pro (A3104) 256GB 原色钛金属 支持移动联通电信5G 双卡双待手机,2024-02-14 23:32:47,512GB,原色钛金属,很棒，中间有问题还换了一次，京东店的服务态度比其它平台好多了
Apple/苹果 iPhone 15 Pro (A3104) 256GB 原色钛金属 支持移动联通电信5G 双卡双待手机,2024-02-20 15:13:14,512GB,黑色钛金属,产品很不错，无瑕疵，正品，买的黑色，大气，屏幕很不错，续航还不知道咋么样，外观手感没得说，如果对续航要求高，可以直接上pro max，相信苹果的做工和手感，每年出来都被喷，可以去体验，物有所值
Apple/苹果 iPhone 15 Pro (A3104) 256GB 原色钛金属 支持移动联通电信5G 双卡双待手机,2024-03-02 22:13:09,256GB,黑色钛金属,手机很好用，真的好评
Apple/苹果 iPhone 15 Pro (A3104) 256GB 原色钛金属 支持移动联通电信5G 双卡双待手机,2024-02-24 06:41:15,256GB,白色钛金属,好
Apple/苹果 iPhone 15 Pro (A3104) 256GB 原色钛金属 支持移动联通电信5G 双卡双待手机,2024-01-27 11:18:41,256GB,白色钛金属,白色外观颜色好看，屏幕清晰细腻，参加活动加9元买的快充原装充电头，充电速度很快，数据线与众不同，尼龙绳的手感，信号不错，在家满格信号，拍视频绝对顶，游戏很久外壳只有一点温热，5星好评。
Apple/苹果 iPhone 15 Pro (A3104) 256GB 原色钛金属 支持移动联通电信5G 双卡双待手机,2024-02-24 07:54:45,256GB,白色钛金属,趁着A+会员活动，价格实惠，入手了一台白色，科技感十足！这台给老婆买的，原来的12可以退休了，特意买的256g。运行速度比之前流畅了许多，照相机也清晰很多，金属外壳手感很好！
Apple/苹果 iPhone 15 Pro (A3104) 256GB 原色钛金属 支持移动联通电信5G 双卡双待手机,2024-02-03 16:34:26,256GB,原色钛金属,以前的12实在是卡了，内存也不够用，索性这次就直接上了pro，pro还是比基础版好用很多，尤其是摄像能力，稳的一批，以后再也不用拿手机装稳定器了，120高刷看着也很舒服。就是信号还是差，新机续航和另一台用了一年多的安卓机也没法比
Apple/苹果 iPhone 15 Pro (A3104) 256GB 原色钛金属 支持移动联通电信5G 双卡双待手机,2024-03-08 12:08:21,256GB,白色钛金属,很喜欢很喜欢，nice~在店里看的时候，觉得蓝色好看，下单买了蓝色又想要白色，觉得好配壳子外观：个人觉得，所有折叠机里质感最好的，像一件精致的礼物，觉得自己就该配这么精致的玩意儿，电池：早8-晚10使用，晚上待机。很少打电话（非常费电）各种app（已下载好）随便用，一天一充。
Apple/苹果 iPhone 15 Pro (A3104) 256GB 原色钛金属 支持移动联通电信5G 双卡双待手机,2024-02-06 21:12:09,256GB,白色钛金属,心心念念的新款到手了，非常喜欢，虽然不是纯果粉啊，不过从苹果2就用苹果了，中途也用过其他的三星华为等等最后还是觉得苹果用起来顺手，换这个之前一直用苹果7，2016年买的用到2024年，只是电池不行了，用一会就没电了，所以才换的，所以用了8年苹果7还是很好用也不卡，必须继续用真的很省钱啊哈哈
Apple/苹果 iPhone 15 Pro (A3104) 256GB 原色钛金属 支持移动联通电信5G 双卡双待手机,2024-03-08 00:24:50,256GB,白色钛金属,"外形外观：白色的iPhone是真的好看，白的纯净透亮
屏幕音效：屏幕显示非常好，细腻。
拍照效果：拍照效果一流，很清晰。zzz
运行速度：运行速度快，非常流畅。"
Apple/苹果 iPhone 15 Pro (A3104) 256GB 原色钛金属 支持移动联通电信5G 双卡双待手机,2024-01-25 10:09:46,256GB,原色钛金属,外形外观：比14pro好看，拿着的手感很舒服，14pro拿着硌手，因为边框太方正了，15pro真的很轻，钛金属颜色也很好看，降价也太快了，还没用几天就降价了
Apple/苹果 iPhone 15 Pro (A3104) 256GB 原色钛金属 支持移动联通电信5G 双卡双待手机,2024-01-20 18:13:13,256GB,白色钛金属,这个白色真的好好看，超级喜欢，拍照杠杠的，运行也很快，基本一天半充一次电，不用担心出门手机没电了，我试了一下不一直玩的情况下可以待机3天，很好的体验
Apple/苹果 iPhone 15 Pro (A3104) 256GB 原色钛金属 支持移动联通电信5G 双卡双待手机,2023-12-16 23:42:27,256GB,白色钛金属,"外形外观：外观 pro 升级了钛金属 确实手感更加柔软细腻了
屏幕音效：极佳
拍照效果：拍照提升不少了
运行速度：新手机确实快 省电也是很好
待机时间：待机时间长了 正常一天一充足够"
Apple/苹果 iPhone 15 Pro (A3104) 256GB 原色钛金属 支持移动联通电信5G 双卡双待手机,2024-02-17 23:21:04,256GB,原色钛金属,"非常的好 很顺畅
屏幕音效：流畅
拍照效果：挺不错的
运行速度：很快
待机时间：久
其他特色：都挺好的"
Apple/苹果 iPhone 15 Pro (A3104) 256GB 原色钛金属 支持移动联通电信5G 双卡双待手机,2024-03-08 10:01:15,256GB,原色钛金属,白天有阳光拍照是最好的 不加滤镜真实自然最好看
Apple/苹果 iPhone 15 Pro (A3104) 256GB 原色钛金属 支持移动联通电信5G 双卡双待手机,2024-03-01 17:32:26,256GB,白色钛金属,难用的要死，真无语了，我买手机不能打电话我买来有什么用，京东售后也跟💩一样，我不想说什么了，只能说我不是那个幸运儿
Apple/苹果 iPhone 15 Pro (A3104) 256GB 原色钛金属 支持移动联通电信5G 双卡双待手机,2024-03-09 15:45:45,256GB,白色钛金属,好评，不错的手机呀，很喜欢呢！下次一定要介绍朋友同事过来买！
Apple/苹果 iPhone 15 Pro (A3104) 256GB 原色钛金属 支持移动联通电信5G 双卡双待手机,2024-02-22 16:02:58,256GB,原色钛金属,简直太差了，买完就降价，而且手机电池特别差，掉电特别快，几大千还是去实体店买吧，后悔的要死，
Apple/苹果 iPhone 15 Pro (A3104) 256GB 原色钛金属 支持移动联通电信5G 双卡双待手机,2024-03-10 11:53:27,128GB,原色钛金属,发货速度非常快，隔天就到了，正品值得信赖，非常非常喜欢，活动价格也很优惠
Apple/苹果 iPhone 15 Pro (A3104) 256GB 原色钛金属 支持移动联通电信5G 双卡双待手机,2024-03-09 16:19:43,256GB,白色钛金属,好评，不错的手机呀，很喜欢呢！下次一定要介绍朋友同事过来买！
Apple/苹果 iPhone 15 Pro (A3104) 256GB 原色钛金属 支持移动联通电信5G 双卡双待手机,2024-03-09 20:43:40,256GB,原色钛金属,信号差。外观还蛮漂亮。
Apple/苹果 iPhone 15 Pro (A3104) 256GB 原色钛金属 支持移动联通电信5G 双卡双待手机,2024-03-08 20:35:34,128GB,原色钛金属,这就是所谓的京东官方售后服务，新拆封的手机外观有划痕， 售后只是一句抱歉给打发了&hellip;&hellip;呵呵，给的解决方案只是补偿50京豆&hellip;&hellip;如有想在京东购物的朋友 望三思
Apple/苹果 iPhone 15 Pro (A3104) 256GB 原色钛金属 支持移动联通电信5G 双卡双待手机,2024-02-14 17:48:59,512GB,原色钛金属,京东值得信赖，东西很好
Apple/苹果 iPhone 15 Pro (A3104) 256GB 原色钛金属 支持移动联通电信5G 双卡双待手机,2024-03-08 07:13:00,256GB,白色钛金属,物流很快，手机很流畅哈哈
Apple/苹果 iPhone 15 Pro (A3104) 256GB 原色钛金属 支持移动联通电信5G 双卡双待手机,2024-01-28 01:24:40,256GB,白色钛金属,"外形外观：外形美观小巧可爱，手感非常舒服，钛金属的非常轻
屏幕音效：屏幕很好看，特别喜欢灵动岛
拍照效果：拍照效果杠杠的，比以前用的11强太多了"
Apple/苹果 iPhone 15 Pro (A3104) 256GB 原色钛金属 支持移动联通电信5G 双卡双待手机,2024-02-22 15:46:14,256GB,原色钛金属,"已经用了一个多星期，感觉挺不错的，边框很窄，拍照效果很不错
运行速度：运行速度无敌，系统流畅，比之前安卓旗舰好太多"
Apple/苹果 iPhone 15 Pro (A3104) 256GB 原色钛金属 支持移动联通电信5G 双卡双待手机,2024-02-14 16:23:45,512GB,黑色钛金属,"待机时间：待机时间非常长，用一天轻轻松松
运行速度：运行速度很快，没有不适感
拍照效果：拍照非常好看，非常喜欢
屏幕音效：屏幕也很清晰"
Apple/苹果 iPhone 15 Pro (A3104) 256GB 原色钛金属 支持移动联通电信5G 双卡双待手机,2024-03-01 17:44:57,128GB,原色钛金属,手机外观外形非常不错，看起来很好，屏幕音效也非常的优越，屏幕大音箱好，拍照效果极强，拍出来的照片也很好看，运行速度非常的流畅，玩游戏没有任何问题，待机时间长，续航能力强
Apple/苹果 iPhone 15 Pro (A3104) 256GB 原色钛金属 支持移动联通电信5G 双卡双待手机,2024-02-14 15:01:59,512GB,原色钛金属,还不错，全新未激活。到货很快，使用上没有任何问题，这一代的手机屏幕很通透，流畅性很好，没有过热的问题。总体好评，颜色选原色绝对没有错。
Apple/苹果 iPhone 15 Pro (A3104) 256GB 原色钛金属 支持移动联通电信5G 双卡双待手机,2024-02-15 15:56:47,256GB,白色钛金属,手机很好，打开各种软件都很丝滑，一点都不卡顿，屏幕特别清晰哈哈哈哈，第一次使用苹果手机，感觉体验很棒！白色永远的神，有需要赶快入！
Apple/苹果 iPhone 15 Pro (A3104) 256GB 原色钛金属 支持移动联通电信5G 双卡双待手机,2024-02-08 13:22:09,256GB,白色钛金属,"安全下车 安全下车  安全下车
拍照效果：太顶了
外形外观：简约时尚
屏幕音效：m系列屏幕
运行速度：飞一般的感觉
其他特色：待续
待机时间：用几天看看"
Apple/苹果 iPhone 15 Pro (A3104) 256GB 原色钛金属 支持移动联通电信5G 双卡双待手机,2024-02-29 16:06:32,256GB,蓝色钛金属,"关注iphone15pro很久了，过年以后购买价格比刚上市便宜了不少，整体性价比就合适很多，外观小巧，我的手不大拿起来刚刚好
待使用后，再来追评"
Apple/苹果 iPhone 15 Pro (A3104) 256GB 原色钛金属 支持移动联通电信5G 双卡双待手机,2024-03-08 12:03:21,256GB,白色钛金属,"以旧换新：很好
外形外观：很漂亮很喜欢白色 o(^▽^)o 样子很好看(｡･&omega;･｡)ﾉ♡
屏幕音效：很高清很清楚很喜欢♪(^&nabla;^*)
拍照效果：很高清很清晰(๑&bull;̀ㅂ&bull;́)و✧也很好看"
Apple/苹果 iPhone 15 Pro (A3104) 256GB 原色钛金属 支持移动联通电信5G 双卡双待手机,2024-02-24 05:54:01,256GB,白色钛金属,"外形外观：非常有颜值
屏幕音效：效果好，很喜欢运行速度流畅，打游戏一下都不爱！非常满意的一次购物！很好👌🏻"
Apple/苹果 iPhone 15 Pro (A3104) 256GB 原色钛金属 支持移动联通电信5G 双卡双待手机,2024-03-10 16:37:29,256GB,黑色钛金属,好评，不错的东西呀，很喜欢呢！下次一定要介绍朋友同事过来买！
Apple/苹果 iPhone 15 Pro (A3104) 256GB 原色钛金属 支持移动联通电信5G 双卡双待手机,2024-03-01 12:48:37,256GB,白色钛金属,收到货后我非常的开心，因为金属的质量和品质真的非常的好！之前在这家店也买过其他东西，感觉不错，这次又来啦。买这个金属之前我是有看过好几家店，最后看到这家店的评价不错就决定在这家店买 真是一次愉快的购物！看了好几家店，也对比了好几家店，最后发现还是这一家的金属评价最好。包装的很精美！金属的质量和品质非常不错！
Apple/苹果 iPhone 15 Pro (A3104) 256GB 原色钛金属 支持移动联通电信5G 双卡双待手机,2024-02-14 11:59:13,512GB,白色钛金属,卖家服务态度好物流速度快客服态度好
Apple/苹果 iPhone 15 Pro (A3104) 256GB 原色钛金属 支持移动联通电信5G 双卡双待手机,2024-03-09 08:47:58,256GB,黑色钛金属,手机不错 心仪已久  物流也很快
Apple/苹果 iPhone 15 Pro (A3104) 256GB 原色钛金属 支持移动联通电信5G 双卡双待手机,2024-03-08 23:18:57,256GB,原色钛金属,很满意👍，做工很好，物流快，客服很棒，点赞
Apple/苹果 iPhone 15 Pro (A3104) 256GB 原色钛金属 支持移动联通电信5G 双卡双待手机,2024-03-11 02:18:09,128GB,原色钛金属,特别好用，第4个苹果了
Apple/苹果 iPhone 15 Pro (A3104) 256GB 原色钛金属 支持移动联通电信5G 双卡双待手机,2024-02-07 11:58:27,256GB,黑色钛金属,非常好，不是第一次用苹果手机了，之前也是pro系列，pro系列屏没有嫩们大，拿着非常舒服，而且是京东自营买的，放心
Apple/苹果 iPhone 15 Pro (A3104) 256GB 原色钛金属 支持移动联通电信5G 双卡双待手机,2024-01-30 17:30:13,256GB,白色钛金属,此用户未填写评价内容
Apple/苹果 iPhone 15 Pro (A3104) 256GB 原色钛金属 支持移动联通电信5G 双卡双待手机,2024-03-08 10:36:54,256GB,原色钛金属,这个真的太🉑了，🎁包装很精美，宝贝做工比较精细，商家特别好❤，有问题都及时处理👍，确实是一次相当满意的网购，还会再来的😘
Apple/苹果 iPhone 15 Pro (A3104) 256GB 原色钛金属 支持移动联通电信5G 双卡双待手机,2024-02-20 22:38:33,128GB,黑色钛金属,垃圾手机
Apple/苹果 iPhone 15 Pro (A3104) 256GB 原色钛金属 支持移动联通电信5G 双卡双待手机,2024-02-18 04:58:08,256GB,原色钛金属,"在原色和白色上面纠结了好久，最终还是选了
白色，比往年的ProMax机型轻了好多，手感
更好了，没有瑕疵，绝对正品。"
Apple/苹果 iPhone 15 Pro (A3104) 256GB 原色钛金属 支持移动联通电信5G 双卡双待手机,2024-02-13 01:15:26,512GB,原色钛金属,＃发货很快＃客服专业＃续航很好＃拍照清晰＃运行流畅＃设计一流＃色彩绚丽＃二次购买了真心喜欢，颜色、款式都非常棒！真的很好用，对商品非常满意，属于无限回购款，推荐！不太爱评价，但这个是真的棒！质量很好，做工细致，包裹很严实，快递服务态度好，绝对好评！外观干净漂亮，做工很不错，没发现什么瑕疵，个人感觉大小也挺合适，找了很久选的这款，大爱！
Apple/苹果 iPhone 15 Pro (A3104) 256GB 原色钛金属 支持移动联通电信5G 双卡双待手机,2024-02-24 07:00:47,256GB,白色钛金属,活动力度很大，可以换手机了，外观还是挺惊艳的，触摸也很舒服，拍照效果很好，流畅清晰。运营速度更是没的说，待机时间唱，音质不错。
Apple/苹果 iPhone 15 Pro (A3104) 256GB 原色钛金属 支持移动联通电信5G 双卡双待手机,2024-02-24 08:38:54,256GB,原色钛金属,很难不爱，简直爱不释手，等了好久，终于等到合适的价格，没有犹豫就下手了，外观设计所见即所得，拍照一如既往的好，续航也OK，完胜！
Apple/苹果 iPhone 15 Pro (A3104) 256GB 原色钛金属 支持移动联通电信5G 双卡双待手机,2024-03-09 11:37:55,256GB,白色钛金属,"产品很好用,质量很稳定,用起来很方便,让生活更加便捷。
包装非常用心,每个细节都做得很好,让人感觉很贴心。
这个商品外观时尚大方,拿出去用真的是很有面子,赞一个!
客服的服务态度很好,回复问题也很及时,解决了我的困惑。
客服的回复非常及时,态度也很好,给了我很多有用的建议。"
Apple/苹果 iPhone 15 Pro (A3104) 256GB 原色钛金属 支持移动联通电信5G 双卡双待手机,2024-02-24 08:28:50,256GB,原色钛金属,"1. 这款手机性能强劲，运行流畅，使用体验非常好。

2. 手机外观时尚，拍照清晰，是一款性价比很高的手机。

3. 屏幕清晰，音效出色，这款手机真的很不错。

4. 手机续航能力强，充电速度快，非常适合我这种手机党。

5. 操作简单，功能实用，这款手机值得推荐。"
Apple/苹果 iPhone 15 Pro (A3104) 256GB 原色钛金属 支持移动联通电信5G 双卡双待手机,2024-02-12 08:39:17,256GB,蓝色钛金属,"东西收到了，用起来很不错，
拍照效果：拍的很清晰，而且有三个摄影头，感觉很舒服
外形外观：很好看，没有用过苹果"
Apple/苹果 iPhone 15 Pro (A3104) 256GB 原色钛金属 支持移动联通电信5G 双卡双待手机,2024-02-19 11:57:08,256GB,黑色钛金属,手机质量很好，买了很多年了，价格非常便宜，运行速度更快，包装完好，没有任何问题，响应速度更快，手感很顺滑，很喜欢，推荐购买！
Apple/苹果 iPhone 15 Pro (A3104) 256GB 原色钛金属 支持移动联通电信5G 双卡双待手机,2024-02-29 20:20:43,512GB,白色钛金属,手机效果非常好，使用起来非常的舒服，外观外型好看得很，屏幕音效也非常好，拍照效果也很不错，拍出来的人都特别的有质感运行，速度流畅，待机时间长，玩游戏看电视，日常使用都很好
Apple/苹果 iPhone 15 Pro (A3104) 256GB 原色钛金属 支持移动联通电信5G 双卡双待手机,2024-03-07 09:32:14,256GB,黑色钛金属,"京东购机送货速度快，拿到手后手感非常好，灵动岛比之前的型号小了很多，好看呢
外形外观：选的黑色，感觉很好
拍照效果：非常清析
运行速度：快
待机时间：长"
Apple/苹果 iPhone 15 Pro (A3104) 256GB 原色钛金属 支持移动联通电信5G 双卡双待手机,2024-03-08 14:03:50,256GB,白色钛金属,这款iPhone15pro总的方面都是很不错的，从去年的14pro换到15，手感什么方面没话说，确实是很舒服，单手操作都很好。机身是钛金属，更加坚固，但是颜值丝毫没有降低，边框更窄甚至更轻了。系统还是一如既往的流畅，不卡顿。120赫兹刷新率也很稳定，一次满意的购物体验
Apple/苹果 iPhone 15 Pro (A3104) 256GB 原色钛金属 支持移动联通电信5G 双卡双待手机,2024-03-01 19:43:11,128GB,黑色钛金属,此用户未填写评价内容
Apple/苹果 iPhone 15 Pro (A3104) 256GB 原色钛金属 支持移动联通电信5G 双卡双待手机,2024-02-04 18:41:15,256GB,白色钛金属,此用户未填写评价内容
Apple/苹果 iPhone 15 Pro (A3104) 256GB 原色钛金属 支持移动联通电信5G 双卡双待手机,2024-03-09 10:35:29,256GB,白色钛金属,第三台手机了，非常不错，信任
Apple/苹果 iPhone 15 Pro (A3104) 256GB 原色钛金属 支持移动联通电信5G 双卡双待手机,2024-03-08 06:24:59,256GB,原色钛金属,好
Apple/苹果 iPhone 15 Pro (A3104) 256GB 原色钛金属 支持移动联通电信5G 双卡双待手机,2024-03-08 17:35:12,256GB,白色钛金属,超快的配送
Apple/苹果 iPhone 15 Pro (A3104) 256GB 原色钛金属 支持移动联通电信5G 双卡双待手机,2024-03-11 11:13:29,256GB,原色钛金属,京东物流配送就是快。昨天下单今天到达，东西看了，无磕碰无破损、真心不错，比13P重量少了很多，手感轻盈，屏幕分辨率不错，清晰亮度好。
Apple/苹果 iPhone 15 Pro (A3104) 256GB 原色钛金属 支持移动联通电信5G 双卡双待手机,2024-02-05 22:20:41,256GB,白色钛金属,此用户未填写评价内容
Apple/苹果 iPhone 15 Pro (A3104) 256GB 原色钛金属 支持移动联通电信5G 双卡双待手机,2024-02-29 12:19:26,256GB,原色钛金属,外形外观：很好，手感不错
Apple/苹果 iPhone 15 Pro (A3104) 256GB 原色钛金属 支持移动联通电信5G 双卡双待手机,2024-03-01 03:41:44,256GB,原色钛金属,快递小哥送货及时，时间准确，精准到达，包裹安全送达，人好货好态度好，全方面服务好
